dataSetName,mode,time_id,archiveType,geo_meanLon,geo_meanLat,geo_meanElev,geo_type,collectionName,createdBy,hasPaleoDepth,investigators,tagMD5,lipdverseLink,maxYear,minYear,nUniqueAges,archiveTypeOriginal,hasDepth,hasChron,originalDataUrl,datasetId,changelog,pub1_author,pub1_abstract,pub1_journal,pub1_pages,pub1_publisher,pub1_title,pub1_type,pub1_doi,pub1_year,pub1_citation,geo_country,geo_location,geo_siteName,@context,lipdVersion,tableType,paleoData_tableName,paleoData_missingValue,paleoData_filename
TR18XUJA00,paleoData,57.062892031,Wood,79.85,29.633,3849.0,Point,Jageshwar2018d18O,matlab,0.0,"Xu, C.; Sano, M.; Dimri, A.P.; Ramesh, R.; Nakatsuka, T.; Shi, F.; Guo, Z.",6d9f1178e00e05d683352000392546e9,http://lipdverse.org/iso2k/1_0_0/TR18XUJA00.html,2008,1621,0,wood,0,0,https://www1.ncdc.noaa.gov/pub/data/paleo/treering/isotope/asia/india/jageshwar2018d18o.txt,iso2k100_TR18XUJA00,"[{'version': '1.0.2', 'lastVersion': '1.0.1', 'curator': 'nicholas', 'timestamp': '2022-08-16 23:29:58 UTC', 'changes': {'Paleo Interpretation metadata': [[""d18O (WEB0738fe31): interpretation3_scope: '' has been replaced by 'isotope'""], [""d18O (WEB0738fe31): interpretation4_scope: '' has been replaced by 'isotope'""]]}}, {'version': '1.0.1', 'lastVersion': '1.0.0', 'curator': 'nicholas', 'timestamp': '2022-08-12 20:10:32 UTC', 'notes': 'Updated lipdverse database entry with a changed file.', 'changes': {'Dataset': [['chronData has been added to this dataset']], 'ChronData table': [[""Column 'addR57vBvjQ606Vbl1Yq', with variable name 'yearEnsemble', was added to the dataset""]]}}]",Xu C.,"<jats:p>We have constructed a regional tree ring cellulose oxygen isotope (δ&lt;sup&gt;18&lt;/sup&gt;O) record for the northern Indian sub-continent based on two new records from north India and central Nepal and three published records from Northwest India, western Nepal and Bhutan. The record spans the interval from 1743&amp;amp;ndash;2008 CE. Correlation analysis reveals that the record is significantly negatively correlated with the three regional climatic indices: All India Rainfall (&lt;i&gt;r&lt;/i&gt;&amp;amp;thinsp;=&amp;amp;thinsp;&amp;amp;minus;0.5, &lt;i&gt;p&lt;/i&gt;&amp;amp;thinsp;&lt;&amp;amp;thinsp;0.001, &lt;i&gt;n&lt;/i&gt;&amp;amp;thinsp;=&amp;amp;thinsp;138), Indian monsoon index (&lt;i&gt;r&lt;/i&gt;&amp;amp;thinsp;=&amp;amp;thinsp;&amp;amp;minus;0.45, &lt;i&gt;p&lt;/i&gt;&amp;amp;thinsp;&lt;&amp;amp;thinsp;0.001, &lt;i&gt;n&lt;/i&gt;&amp;amp;thinsp;=&amp;amp;thinsp;51) and the intensity of monsoonal circulation (&lt;i&gt;r&lt;/i&gt;&amp;amp;thinsp;=&amp;amp;thinsp;&amp;amp;minus;0.42, &lt;i&gt;p&lt;/i&gt;&amp;amp;thinsp;&lt;&amp;amp;thinsp;0.001, &lt;i&gt;n&lt;/i&gt;&amp;amp;thinsp;=&amp;amp;thinsp;51). The close relationship between tree ring cellulose δ&lt;sup&gt;18&lt;/sup&gt;O and the Indian summer monsoon (ISM) can be explained by oxygen isotope fractionation mechanisms. Our results indicate that the regional tree ring cellulose δ&lt;sup&gt;18&lt;/sup&gt;O record is suitable for reconstructing high-resolution changes in the ISM. The record exhibits significant inter-annual and centennial variations. Inter-annual changes are closely related to the El Niño-Southern Oscillation (ENSO), which indicates that the ISM was affected by ENSO in the past. However, the ISM-ENSO relationship was not consistent over time. Centennial changes in the regional tree ring δ&lt;sup&gt;18&lt;/sup&gt;O record indicate a trend of weakened ISM intensity since 1820. Decreasing ISM activity is also observed in various high-resolution ISM records from southwest China and Southeast Asia, and may be the result of reduced land-ocean thermal contrasts since 1820 CE.
                    </jats:p>",Climate of the Past Discussions,1-31,Copernicus GmbH,Decreasing Indian summer monsoon in northern Indian sub-continent during the last 180 years: evidence from five tree cellulose oxygen isotope chronologies,article-journal,10.5194/cp-14-653,2018.0,"Xu, C., Sano, M., Dimri, A., Ramesh, R., Nakatsuka, T., Shi, F. and Guo, Z.: Decreasing Indian summer monsoon in northern Indian sub-continent during the last 180 years: evidence from five tree cellulose oxygen isotope chronologies, https://doi.org/10.5194/cp-14-653-2018",India,"Central Himalaya, India",Jageshwar,context.jsonld,1.3,meas,paleo0measurement0,nan,TR18XUJA00.paleo0measurement0.csv
TR18XUJA00,paleoData,57.062892031,Wood,79.85,29.633,3849.0,Point,Jageshwar2018d18O,matlab,0.0,"Xu, C.; Sano, M.; Dimri, A.P.; Ramesh, R.; Nakatsuka, T.; Shi, F.; Guo, Z.",6d9f1178e00e05d683352000392546e9,http://lipdverse.org/iso2k/1_0_0/TR18XUJA00.html,2008,1621,0,wood,0,0,https://www1.ncdc.noaa.gov/pub/data/paleo/treering/isotope/asia/india/jageshwar2018d18o.txt,iso2k100_TR18XUJA00,"[{'version': '1.0.2', 'lastVersion': '1.0.1', 'curator': 'nicholas', 'timestamp': '2022-08-16 23:29:58 UTC', 'changes': {'Paleo Interpretation metadata': [[""d18O (WEB0738fe31): interpretation3_scope: '' has been replaced by 'isotope'""], [""d18O (WEB0738fe31): interpretation4_scope: '' has been replaced by 'isotope'""]]}}, {'version': '1.0.1', 'lastVersion': '1.0.0', 'curator': 'nicholas', 'timestamp': '2022-08-12 20:10:32 UTC', 'notes': 'Updated lipdverse database entry with a changed file.', 'changes': {'Dataset': [['chronData has been added to this dataset']], 'ChronData table': [[""Column 'addR57vBvjQ606Vbl1Yq', with variable name 'yearEnsemble', was added to the dataset""]]}}]",Xu C.,"<jats:p>We have constructed a regional tree ring cellulose oxygen isotope (δ&lt;sup&gt;18&lt;/sup&gt;O) record for the northern Indian sub-continent based on two new records from north India and central Nepal and three published records from Northwest India, western Nepal and Bhutan. The record spans the interval from 1743&amp;amp;ndash;2008 CE. Correlation analysis reveals that the record is significantly negatively correlated with the three regional climatic indices: All India Rainfall (&lt;i&gt;r&lt;/i&gt;&amp;amp;thinsp;=&amp;amp;thinsp;&amp;amp;minus;0.5, &lt;i&gt;p&lt;/i&gt;&amp;amp;thinsp;&lt;&amp;amp;thinsp;0.001, &lt;i&gt;n&lt;/i&gt;&amp;amp;thinsp;=&amp;amp;thinsp;138), Indian monsoon index (&lt;i&gt;r&lt;/i&gt;&amp;amp;thinsp;=&amp;amp;thinsp;&amp;amp;minus;0.45, &lt;i&gt;p&lt;/i&gt;&amp;amp;thinsp;&lt;&amp;amp;thinsp;0.001, &lt;i&gt;n&lt;/i&gt;&amp;amp;thinsp;=&amp;amp;thinsp;51) and the intensity of monsoonal circulation (&lt;i&gt;r&lt;/i&gt;&amp;amp;thinsp;=&amp;amp;thinsp;&amp;amp;minus;0.42, &lt;i&gt;p&lt;/i&gt;&amp;amp;thinsp;&lt;&amp;amp;thinsp;0.001, &lt;i&gt;n&lt;/i&gt;&amp;amp;thinsp;=&amp;amp;thinsp;51). The close relationship between tree ring cellulose δ&lt;sup&gt;18&lt;/sup&gt;O and the Indian summer monsoon (ISM) can be explained by oxygen isotope fractionation mechanisms. Our results indicate that the regional tree ring cellulose δ&lt;sup&gt;18&lt;/sup&gt;O record is suitable for reconstructing high-resolution changes in the ISM. The record exhibits significant inter-annual and centennial variations. Inter-annual changes are closely related to the El Niño-Southern Oscillation (ENSO), which indicates that the ISM was affected by ENSO in the past. However, the ISM-ENSO relationship was not consistent over time. Centennial changes in the regional tree ring δ&lt;sup&gt;18&lt;/sup&gt;O record indicate a trend of weakened ISM intensity since 1820. Decreasing ISM activity is also observed in various high-resolution ISM records from southwest China and Southeast Asia, and may be the result of reduced land-ocean thermal contrasts since 1820 CE.
                    </jats:p>",Climate of the Past Discussions,1-31,Copernicus GmbH,Decreasing Indian summer monsoon in northern Indian sub-continent during the last 180 years: evidence from five tree cellulose oxygen isotope chronologies,article-journal,10.5194/cp-14-653,2018.0,"Xu, C., Sano, M., Dimri, A., Ramesh, R., Nakatsuka, T., Shi, F. and Guo, Z.: Decreasing Indian summer monsoon in northern Indian sub-continent during the last 180 years: evidence from five tree cellulose oxygen isotope chronologies, https://doi.org/10.5194/cp-14-653-2018",India,"Central Himalaya, India",Jageshwar,context.jsonld,1.3,meas,paleo0measurement0,nan,TR18XUJA00.paleo0measurement0.csv
TR18XUGA00,paleoData,57.062892031,Wood,85.183,28.183,3600.0,Point,Ganesh2018d18O,matlab,0.0,"Xu, C.; Sano, M.; Dimri, A.P.; Ramesh, R.; Nakatsuka, T.; Shi, F.; Guo, Z.",1e61559bcb4e21f7aa75153371beb0f1,http://lipdverse.org/iso2k/1_0_0/TR18XUGA00.html,2000,1801,0,wood,0,0,https://www1.ncdc.noaa.gov/pub/data/paleo/treering/isotope/asia/nepal/ganesh2018d18o.txt,iso2k100_TR18XUGA00,"[{'version': '1.0.2', 'lastVersion': '1.0.1', 'curator': 'nicholas', 'timestamp': '2022-08-16 23:29:58 UTC', 'changes': {'Paleo Interpretation metadata': [[""d18O (WEB4632d6d9): interpretation3_scope: '' has been replaced by 'isotope'""], [""d18O (WEB4632d6d9): interpretation4_scope: '' has been replaced by 'isotope'""]]}}, {'version': '1.0.1', 'lastVersion': '1.0.0', 'curator': 'nicholas', 'timestamp': '2022-08-12 20:10:31 UTC', 'notes': 'Updated lipdverse database entry with a changed file.', 'changes': {'Dataset': [['chronData has been added to this dataset']], 'ChronData table': [[""Column 'addRNGAhskvdLEhzs9sN', with variable name 'yearEnsemble', was added to the dataset""]]}}]",Xu C.,"<jats:p>We have constructed a regional tree ring cellulose oxygen isotope (δ&lt;sup&gt;18&lt;/sup&gt;O) record for the northern Indian sub-continent based on two new records from north India and central Nepal and three published records from Northwest India, western Nepal and Bhutan. The record spans the interval from 1743&amp;amp;ndash;2008 CE. Correlation analysis reveals that the record is significantly negatively correlated with the three regional climatic indices: All India Rainfall (&lt;i&gt;r&lt;/i&gt;&amp;amp;thinsp;=&amp;amp;thinsp;&amp;amp;minus;0.5, &lt;i&gt;p&lt;/i&gt;&amp;amp;thinsp;&lt;&amp;amp;thinsp;0.001, &lt;i&gt;n&lt;/i&gt;&amp;amp;thinsp;=&amp;amp;thinsp;138), Indian monsoon index (&lt;i&gt;r&lt;/i&gt;&amp;amp;thinsp;=&amp;amp;thinsp;&amp;amp;minus;0.45, &lt;i&gt;p&lt;/i&gt;&amp;amp;thinsp;&lt;&amp;amp;thinsp;0.001, &lt;i&gt;n&lt;/i&gt;&amp;amp;thinsp;=&amp;amp;thinsp;51) and the intensity of monsoonal circulation (&lt;i&gt;r&lt;/i&gt;&amp;amp;thinsp;=&amp;amp;thinsp;&amp;amp;minus;0.42, &lt;i&gt;p&lt;/i&gt;&amp;amp;thinsp;&lt;&amp;amp;thinsp;0.001, &lt;i&gt;n&lt;/i&gt;&amp;amp;thinsp;=&amp;amp;thinsp;51). The close relationship between tree ring cellulose δ&lt;sup&gt;18&lt;/sup&gt;O and the Indian summer monsoon (ISM) can be explained by oxygen isotope fractionation mechanisms. Our results indicate that the regional tree ring cellulose δ&lt;sup&gt;18&lt;/sup&gt;O record is suitable for reconstructing high-resolution changes in the ISM. The record exhibits significant inter-annual and centennial variations. Inter-annual changes are closely related to the El Niño-Southern Oscillation (ENSO), which indicates that the ISM was affected by ENSO in the past. However, the ISM-ENSO relationship was not consistent over time. Centennial changes in the regional tree ring δ&lt;sup&gt;18&lt;/sup&gt;O record indicate a trend of weakened ISM intensity since 1820. Decreasing ISM activity is also observed in various high-resolution ISM records from southwest China and Southeast Asia, and may be the result of reduced land-ocean thermal contrasts since 1820 CE.
                    </jats:p>",Climate of the Past Discussions,1-31,Copernicus GmbH,Decreasing Indian summer monsoon in northern Indian sub-continent during the last 180 years: evidence from five tree cellulose oxygen isotope chronologies,article-journal,10.5194/cp-14-653,2018.0,"Xu, C., Sano, M., Dimri, A., Ramesh, R., Nakatsuka, T., Shi, F. and Guo, Z.: Decreasing Indian summer monsoon in northern Indian sub-continent during the last 180 years: evidence from five tree cellulose oxygen isotope chronologies, https://doi.org/10.5194/cp-14-653-2018",Nepal,"Central Himalaya, Nepal",Ganesh,context.jsonld,1.3,meas,paleo0measurement0,nan,TR18XUGA00.paleo0measurement0.csv
TR18XUGA00,paleoData,57.062892031,Wood,85.183,28.183,3600.0,Point,Ganesh2018d18O,matlab,0.0,"Xu, C.; Sano, M.; Dimri, A.P.; Ramesh, R.; Nakatsuka, T.; Shi, F.; Guo, Z.",1e61559bcb4e21f7aa75153371beb0f1,http://lipdverse.org/iso2k/1_0_0/TR18XUGA00.html,2000,1801,0,wood,0,0,https://www1.ncdc.noaa.gov/pub/data/paleo/treering/isotope/asia/nepal/ganesh2018d18o.txt,iso2k100_TR18XUGA00,"[{'version': '1.0.2', 'lastVersion': '1.0.1', 'curator': 'nicholas', 'timestamp': '2022-08-16 23:29:58 UTC', 'changes': {'Paleo Interpretation metadata': [[""d18O (WEB4632d6d9): interpretation3_scope: '' has been replaced by 'isotope'""], [""d18O (WEB4632d6d9): interpretation4_scope: '' has been replaced by 'isotope'""]]}}, {'version': '1.0.1', 'lastVersion': '1.0.0', 'curator': 'nicholas', 'timestamp': '2022-08-12 20:10:31 UTC', 'notes': 'Updated lipdverse database entry with a changed file.', 'changes': {'Dataset': [['chronData has been added to this dataset']], 'ChronData table': [[""Column 'addRNGAhskvdLEhzs9sN', with variable name 'yearEnsemble', was added to the dataset""]]}}]",Xu C.,"<jats:p>We have constructed a regional tree ring cellulose oxygen isotope (δ&lt;sup&gt;18&lt;/sup&gt;O) record for the northern Indian sub-continent based on two new records from north India and central Nepal and three published records from Northwest India, western Nepal and Bhutan. The record spans the interval from 1743&amp;amp;ndash;2008 CE. Correlation analysis reveals that the record is significantly negatively correlated with the three regional climatic indices: All India Rainfall (&lt;i&gt;r&lt;/i&gt;&amp;amp;thinsp;=&amp;amp;thinsp;&amp;amp;minus;0.5, &lt;i&gt;p&lt;/i&gt;&amp;amp;thinsp;&lt;&amp;amp;thinsp;0.001, &lt;i&gt;n&lt;/i&gt;&amp;amp;thinsp;=&amp;amp;thinsp;138), Indian monsoon index (&lt;i&gt;r&lt;/i&gt;&amp;amp;thinsp;=&amp;amp;thinsp;&amp;amp;minus;0.45, &lt;i&gt;p&lt;/i&gt;&amp;amp;thinsp;&lt;&amp;amp;thinsp;0.001, &lt;i&gt;n&lt;/i&gt;&amp;amp;thinsp;=&amp;amp;thinsp;51) and the intensity of monsoonal circulation (&lt;i&gt;r&lt;/i&gt;&amp;amp;thinsp;=&amp;amp;thinsp;&amp;amp;minus;0.42, &lt;i&gt;p&lt;/i&gt;&amp;amp;thinsp;&lt;&amp;amp;thinsp;0.001, &lt;i&gt;n&lt;/i&gt;&amp;amp;thinsp;=&amp;amp;thinsp;51). The close relationship between tree ring cellulose δ&lt;sup&gt;18&lt;/sup&gt;O and the Indian summer monsoon (ISM) can be explained by oxygen isotope fractionation mechanisms. Our results indicate that the regional tree ring cellulose δ&lt;sup&gt;18&lt;/sup&gt;O record is suitable for reconstructing high-resolution changes in the ISM. The record exhibits significant inter-annual and centennial variations. Inter-annual changes are closely related to the El Niño-Southern Oscillation (ENSO), which indicates that the ISM was affected by ENSO in the past. However, the ISM-ENSO relationship was not consistent over time. Centennial changes in the regional tree ring δ&lt;sup&gt;18&lt;/sup&gt;O record indicate a trend of weakened ISM intensity since 1820. Decreasing ISM activity is also observed in various high-resolution ISM records from southwest China and Southeast Asia, and may be the result of reduced land-ocean thermal contrasts since 1820 CE.
                    </jats:p>",Climate of the Past Discussions,1-31,Copernicus GmbH,Decreasing Indian summer monsoon in northern Indian sub-continent during the last 180 years: evidence from five tree cellulose oxygen isotope chronologies,article-journal,10.5194/cp-14-653,2018.0,"Xu, C., Sano, M., Dimri, A., Ramesh, R., Nakatsuka, T., Shi, F. and Guo, Z.: Decreasing Indian summer monsoon in northern Indian sub-continent during the last 180 years: evidence from five tree cellulose oxygen isotope chronologies, https://doi.org/10.5194/cp-14-653-2018",Nepal,"Central Himalaya, Nepal",Ganesh,context.jsonld,1.3,meas,paleo0measurement0,nan,TR18XUGA00.paleo0measurement0.csv
SP08HUCN,paleoData,57.062892031,Speleothem,110.416,30.45,294.0,Point,,matlab,1.0,,cde9c6932e15524b218807eb98c69780,http://lipdverse.org/iso2k/1_0_0/SP08HUCN.html,2002,-7520,21,speleothem,1,1,https://www.ncdc.noaa.gov/paleo/study/6095,a6WlR0GjKxYgiCUOU027,"[{'version': '1.0.1', 'lastVersion': '1.0.0', 'curator': 'nicholas', 'timestamp': '2022-08-16 23:29:39 UTC', 'changes': {'Paleo Interpretation metadata': [[""d18O (SP08HUCN01A): interpretation3_scope: '' has been replaced by 'isotope'""], [""d18O (SP08HUCN01A): interpretation4_scope: '' has been replaced by 'isotope'""], [""d13C (SP08HUCN01A_d13C): interpretation2_scope: '' has been replaced by 'isotope'""], [""d13C (SP08HUCN01A_d13C): interpretation3_scope: '' has been replaced by 'isotope'""]]}}]","Hu, C",,,,,,,10.1016/j.epsl.2007.10.015,2008.0,"Hu, C., Henderson, G. M., Huang, J., Xie, S., Sun, Y. and Johnson, K. R.: Quantification of Holocene Asian monsoon rainfall from spatially separated cave records, Earth and Planetary Science Letters, 266(3-4), 221–232, doi:10.1016/j.epsl.2007.10.015, 2008.",,,"Heshang Cave, China",context.jsonld,1.3,meas,paleo0measurement0,nan,SP08HUCN.paleo0measurement0.csv
SP08HUCN,paleoData,57.062892031,Speleothem,110.416,30.45,294.0,Point,,matlab,1.0,,cde9c6932e15524b218807eb98c69780,http://lipdverse.org/iso2k/1_0_0/SP08HUCN.html,2002,-7520,21,speleothem,1,1,https://www.ncdc.noaa.gov/paleo/study/6095,a6WlR0GjKxYgiCUOU027,"[{'version': '1.0.1', 'lastVersion': '1.0.0', 'curator': 'nicholas', 'timestamp': '2022-08-16 23:29:39 UTC', 'changes': {'Paleo Interpretation metadata': [[""d18O (SP08HUCN01A): interpretation3_scope: '' has been replaced by 'isotope'""], [""d18O (SP08HUCN01A): interpretation4_scope: '' has been replaced by 'isotope'""], [""d13C (SP08HUCN01A_d13C): interpretation2_scope: '' has been replaced by 'isotope'""], [""d13C (SP08HUCN01A_d13C): interpretation3_scope: '' has been replaced by 'isotope'""]]}}]","Hu, C",,,,,,,10.1016/j.epsl.2007.10.015,2008.0,"Hu, C., Henderson, G. M., Huang, J., Xie, S., Sun, Y. and Johnson, K. R.: Quantification of Holocene Asian monsoon rainfall from spatially separated cave records, Earth and Planetary Science Letters, 266(3-4), 221–232, doi:10.1016/j.epsl.2007.10.015, 2008.",,,"Heshang Cave, China",context.jsonld,1.3,meas,paleo0measurement0,nan,SP08HUCN.paleo0measurement0.csv
SP08HUCN,paleoData,57.062892031,Speleothem,110.416,30.45,294.0,Point,,matlab,1.0,,cde9c6932e15524b218807eb98c69780,http://lipdverse.org/iso2k/1_0_0/SP08HUCN.html,2002,-7520,21,speleothem,1,1,https://www.ncdc.noaa.gov/paleo/study/6095,a6WlR0GjKxYgiCUOU027,"[{'version': '1.0.1', 'lastVersion': '1.0.0', 'curator': 'nicholas', 'timestamp': '2022-08-16 23:29:39 UTC', 'changes': {'Paleo Interpretation metadata': [[""d18O (SP08HUCN01A): interpretation3_scope: '' has been replaced by 'isotope'""], [""d18O (SP08HUCN01A): interpretation4_scope: '' has been replaced by 'isotope'""], [""d13C (SP08HUCN01A_d13C): interpretation2_scope: '' has been replaced by 'isotope'""], [""d13C (SP08HUCN01A_d13C): interpretation3_scope: '' has been replaced by 'isotope'""]]}}]","Hu, C",,,,,,,10.1016/j.epsl.2007.10.015,2008.0,"Hu, C., Henderson, G. M., Huang, J., Xie, S., Sun, Y. and Johnson, K. R.: Quantification of Holocene Asian monsoon rainfall from spatially separated cave records, Earth and Planetary Science Letters, 266(3-4), 221–232, doi:10.1016/j.epsl.2007.10.015, 2008.",,,"Heshang Cave, China",context.jsonld,1.3,meas,paleo0measurement0,nan,SP08HUCN.paleo0measurement0.csv
SP08HUCN,paleoData,57.062892031,Speleothem,110.416,30.45,294.0,Point,,matlab,1.0,,cde9c6932e15524b218807eb98c69780,http://lipdverse.org/iso2k/1_0_0/SP08HUCN.html,2002,-7520,21,speleothem,1,1,https://www.ncdc.noaa.gov/paleo/study/6095,a6WlR0GjKxYgiCUOU027,"[{'version': '1.0.1', 'lastVersion': '1.0.0', 'curator': 'nicholas', 'timestamp': '2022-08-16 23:29:39 UTC', 'changes': {'Paleo Interpretation metadata': [[""d18O (SP08HUCN01A): interpretation3_scope: '' has been replaced by 'isotope'""], [""d18O (SP08HUCN01A): interpretation4_scope: '' has been replaced by 'isotope'""], [""d13C (SP08HUCN01A_d13C): interpretation2_scope: '' has been replaced by 'isotope'""], [""d13C (SP08HUCN01A_d13C): interpretation3_scope: '' has been replaced by 'isotope'""]]}}]","Hu, C",,,,,,,10.1016/j.epsl.2007.10.015,2008.0,"Hu, C., Henderson, G. M., Huang, J., Xie, S., Sun, Y. and Johnson, K. R.: Quantification of Holocene Asian monsoon rainfall from spatially separated cave records, Earth and Planetary Science Letters, 266(3-4), 221–232, doi:10.1016/j.epsl.2007.10.015, 2008.",,,"Heshang Cave, China",context.jsonld,1.3,meas,paleo0measurement0,nan,SP08HUCN.paleo0measurement0.csv
TR11XUPH,paleoData,57.062892031,Wood,101.2,19.9,1340.0,Point,,matlab,0.0,,c7f2d1d68a3465fcf7a8bfd70e7c5b28,http://lipdverse.org/iso2k/1_0_0/TR11XUPH.html,2002,1550,0,wood,0,0,this compilation,iso2k100_TR11XUPH,"[{'version': '1.0.2', 'lastVersion': '1.0.1', 'curator': 'nicholas', 'timestamp': '2022-08-16 23:29:53 UTC', 'changes': {'Paleo Interpretation metadata': [[""d18O (TR11XUPH00): interpretation2_scope: '' has been replaced by 'isotope'""], [""d18O (TR11XUPH00): interpretation3_scope: '' has been replaced by 'isotope'""]]}}, {'version': '1.0.1', 'lastVersion': '1.0.0', 'curator': 'nicholas', 'timestamp': '2022-08-12 20:09:40 UTC', 'notes': 'Updated lipdverse database entry with a changed file.', 'changes': {'Dataset': [['chronData has been added to this dataset']], 'ChronData table': [[""Column 'addRNU1Vs1fP3InxR0WV', with variable name 'yearEnsemble', was added to the dataset""]]}}]",Chenxi X.,,,,,,,10.1016/j.palaeo.2013.06.025,2013.0,"Xu, C., Sano, M. and Nakatsuka, T.: A 400-year record of hydroclimate variability and local ENSO history in northern Southeast Asia inferred from tree-ring δ18O, Palaeogeography, Palaeoclimatology, Palaeoecology, 386, 588–598, doi:10.1016/j.palaeo.2013.06.025, 2013.",,,"Phu Leuy, Northern Laos",context.jsonld,1.3,meas,paleo0measurement0,nan,TR11XUPH.paleo0measurement0.csv
TR11XUPH,paleoData,57.062892031,Wood,101.2,19.9,1340.0,Point,,matlab,0.0,,c7f2d1d68a3465fcf7a8bfd70e7c5b28,http://lipdverse.org/iso2k/1_0_0/TR11XUPH.html,2002,1550,0,wood,0,0,this compilation,iso2k100_TR11XUPH,"[{'version': '1.0.2', 'lastVersion': '1.0.1', 'curator': 'nicholas', 'timestamp': '2022-08-16 23:29:53 UTC', 'changes': {'Paleo Interpretation metadata': [[""d18O (TR11XUPH00): interpretation2_scope: '' has been replaced by 'isotope'""], [""d18O (TR11XUPH00): interpretation3_scope: '' has been replaced by 'isotope'""]]}}, {'version': '1.0.1', 'lastVersion': '1.0.0', 'curator': 'nicholas', 'timestamp': '2022-08-12 20:09:40 UTC', 'notes': 'Updated lipdverse database entry with a changed file.', 'changes': {'Dataset': [['chronData has been added to this dataset']], 'ChronData table': [[""Column 'addRNU1Vs1fP3InxR0WV', with variable name 'yearEnsemble', was added to the dataset""]]}}]",Chenxi X.,,,,,,,10.1016/j.palaeo.2013.06.025,2013.0,"Xu, C., Sano, M. and Nakatsuka, T.: A 400-year record of hydroclimate variability and local ENSO history in northern Southeast Asia inferred from tree-ring δ18O, Palaeogeography, Palaeoclimatology, Palaeoecology, 386, 588–598, doi:10.1016/j.palaeo.2013.06.025, 2013.",,,"Phu Leuy, Northern Laos",context.jsonld,1.3,meas,paleo0measurement0,nan,TR11XUPH.paleo0measurement0.csv
TR11XUPH,paleoData,57.062892031,Wood,101.2,19.9,1340.0,Point,,matlab,0.0,,c7f2d1d68a3465fcf7a8bfd70e7c5b28,http://lipdverse.org/iso2k/1_0_0/TR11XUPH.html,2002,1550,0,wood,0,0,this compilation,iso2k100_TR11XUPH,"[{'version': '1.0.2', 'lastVersion': '1.0.1', 'curator': 'nicholas', 'timestamp': '2022-08-16 23:29:53 UTC', 'changes': {'Paleo Interpretation metadata': [[""d18O (TR11XUPH00): interpretation2_scope: '' has been replaced by 'isotope'""], [""d18O (TR11XUPH00): interpretation3_scope: '' has been replaced by 'isotope'""]]}}, {'version': '1.0.1', 'lastVersion': '1.0.0', 'curator': 'nicholas', 'timestamp': '2022-08-12 20:09:40 UTC', 'notes': 'Updated lipdverse database entry with a changed file.', 'changes': {'Dataset': [['chronData has been added to this dataset']], 'ChronData table': [[""Column 'addRNU1Vs1fP3InxR0WV', with variable name 'yearEnsemble', was added to the dataset""]]}}]",Chenxi X.,,,,,,,10.1016/j.palaeo.2013.06.025,2013.0,"Xu, C., Sano, M. and Nakatsuka, T.: A 400-year record of hydroclimate variability and local ENSO history in northern Southeast Asia inferred from tree-ring δ18O, Palaeogeography, Palaeoclimatology, Palaeoecology, 386, 588–598, doi:10.1016/j.palaeo.2013.06.025, 2013.",,,"Phu Leuy, Northern Laos",context.jsonld,1.3,meas,paleo0measurement0,nan,TR11XUPH.paleo0measurement0.csv
TR11XUPH,paleoData,57.062892031,Wood,101.2,19.9,1340.0,Point,,matlab,0.0,,c7f2d1d68a3465fcf7a8bfd70e7c5b28,http://lipdverse.org/iso2k/1_0_0/TR11XUPH.html,2002,1550,0,wood,0,0,this compilation,iso2k100_TR11XUPH,"[{'version': '1.0.2', 'lastVersion': '1.0.1', 'curator': 'nicholas', 'timestamp': '2022-08-16 23:29:53 UTC', 'changes': {'Paleo Interpretation metadata': [[""d18O (TR11XUPH00): interpretation2_scope: '' has been replaced by 'isotope'""], [""d18O (TR11XUPH00): interpretation3_scope: '' has been replaced by 'isotope'""]]}}, {'version': '1.0.1', 'lastVersion': '1.0.0', 'curator': 'nicholas', 'timestamp': '2022-08-12 20:09:40 UTC', 'notes': 'Updated lipdverse database entry with a changed file.', 'changes': {'Dataset': [['chronData has been added to this dataset']], 'ChronData table': [[""Column 'addRNU1Vs1fP3InxR0WV', with variable name 'yearEnsemble', was added to the dataset""]]}}]",Chenxi X.,,,,,,,10.1016/j.palaeo.2013.06.025,2013.0,"Xu, C., Sano, M. and Nakatsuka, T.: A 400-year record of hydroclimate variability and local ENSO history in northern Southeast Asia inferred from tree-ring δ18O, Palaeogeography, Palaeoclimatology, Palaeoecology, 386, 588–598, doi:10.1016/j.palaeo.2013.06.025, 2013.",,,"Phu Leuy, Northern Laos",context.jsonld,1.3,meas,paleo0measurement0,nan,TR11XUPH.paleo0measurement0.csv
TR11XUPH,paleoData,57.062892031,Wood,101.2,19.9,1340.0,Point,,matlab,0.0,,c7f2d1d68a3465fcf7a8bfd70e7c5b28,http://lipdverse.org/iso2k/1_0_0/TR11XUPH.html,2002,1550,0,wood,0,0,this compilation,iso2k100_TR11XUPH,"[{'version': '1.0.2', 'lastVersion': '1.0.1', 'curator': 'nicholas', 'timestamp': '2022-08-16 23:29:53 UTC', 'changes': {'Paleo Interpretation metadata': [[""d18O (TR11XUPH00): interpretation2_scope: '' has been replaced by 'isotope'""], [""d18O (TR11XUPH00): interpretation3_scope: '' has been replaced by 'isotope'""]]}}, {'version': '1.0.1', 'lastVersion': '1.0.0', 'curator': 'nicholas', 'timestamp': '2022-08-12 20:09:40 UTC', 'notes': 'Updated lipdverse database entry with a changed file.', 'changes': {'Dataset': [['chronData has been added to this dataset']], 'ChronData table': [[""Column 'addRNU1Vs1fP3InxR0WV', with variable name 'yearEnsemble', was added to the dataset""]]}}]",Chenxi X.,,,,,,,10.1016/j.palaeo.2013.06.025,2013.0,"Xu, C., Sano, M. and Nakatsuka, T.: A 400-year record of hydroclimate variability and local ENSO history in northern Southeast Asia inferred from tree-ring δ18O, Palaeogeography, Palaeoclimatology, Palaeoecology, 386, 588–598, doi:10.1016/j.palaeo.2013.06.025, 2013.",,,"Phu Leuy, Northern Laos",context.jsonld,1.3,meas,paleo0measurement0,nan,TR11XUPH.paleo0measurement0.csv
TR11XUPH,paleoData,57.062892031,Wood,101.2,19.9,1340.0,Point,,matlab,0.0,,c7f2d1d68a3465fcf7a8bfd70e7c5b28,http://lipdverse.org/iso2k/1_0_0/TR11XUPH.html,2002,1550,0,wood,0,0,this compilation,iso2k100_TR11XUPH,"[{'version': '1.0.2', 'lastVersion': '1.0.1', 'curator': 'nicholas', 'timestamp': '2022-08-16 23:29:53 UTC', 'changes': {'Paleo Interpretation metadata': [[""d18O (TR11XUPH00): interpretation2_scope: '' has been replaced by 'isotope'""], [""d18O (TR11XUPH00): interpretation3_scope: '' has been replaced by 'isotope'""]]}}, {'version': '1.0.1', 'lastVersion': '1.0.0', 'curator': 'nicholas', 'timestamp': '2022-08-12 20:09:40 UTC', 'notes': 'Updated lipdverse database entry with a changed file.', 'changes': {'Dataset': [['chronData has been added to this dataset']], 'ChronData table': [[""Column 'addRNU1Vs1fP3InxR0WV', with variable name 'yearEnsemble', was added to the dataset""]]}}]",Chenxi X.,,,,,,,10.1016/j.palaeo.2013.06.025,2013.0,"Xu, C., Sano, M. and Nakatsuka, T.: A 400-year record of hydroclimate variability and local ENSO history in northern Southeast Asia inferred from tree-ring δ18O, Palaeogeography, Palaeoclimatology, Palaeoecology, 386, 588–598, doi:10.1016/j.palaeo.2013.06.025, 2013.",,,"Phu Leuy, Northern Laos",context.jsonld,1.3,meas,paleo0measurement0,nan,TR11XUPH.paleo0measurement0.csv
TR11XUPH,paleoData,57.062892031,Wood,101.2,19.9,1340.0,Point,,matlab,0.0,,c7f2d1d68a3465fcf7a8bfd70e7c5b28,http://lipdverse.org/iso2k/1_0_0/TR11XUPH.html,2002,1550,0,wood,0,0,this compilation,iso2k100_TR11XUPH,"[{'version': '1.0.2', 'lastVersion': '1.0.1', 'curator': 'nicholas', 'timestamp': '2022-08-16 23:29:53 UTC', 'changes': {'Paleo Interpretation metadata': [[""d18O (TR11XUPH00): interpretation2_scope: '' has been replaced by 'isotope'""], [""d18O (TR11XUPH00): interpretation3_scope: '' has been replaced by 'isotope'""]]}}, {'version': '1.0.1', 'lastVersion': '1.0.0', 'curator': 'nicholas', 'timestamp': '2022-08-12 20:09:40 UTC', 'notes': 'Updated lipdverse database entry with a changed file.', 'changes': {'Dataset': [['chronData has been added to this dataset']], 'ChronData table': [[""Column 'addRNU1Vs1fP3InxR0WV', with variable name 'yearEnsemble', was added to the dataset""]]}}]",Chenxi X.,,,,,,,10.1016/j.palaeo.2013.06.025,2013.0,"Xu, C., Sano, M. and Nakatsuka, T.: A 400-year record of hydroclimate variability and local ENSO history in northern Southeast Asia inferred from tree-ring δ18O, Palaeogeography, Palaeoclimatology, Palaeoecology, 386, 588–598, doi:10.1016/j.palaeo.2013.06.025, 2013.",,,"Phu Leuy, Northern Laos",context.jsonld,1.3,meas,paleo0measurement0,nan,TR11XUPH.paleo0measurement0.csv
TR11XUPH,paleoData,57.062892031,Wood,101.2,19.9,1340.0,Point,,matlab,0.0,,c7f2d1d68a3465fcf7a8bfd70e7c5b28,http://lipdverse.org/iso2k/1_0_0/TR11XUPH.html,2002,1550,0,wood,0,0,this compilation,iso2k100_TR11XUPH,"[{'version': '1.0.2', 'lastVersion': '1.0.1', 'curator': 'nicholas', 'timestamp': '2022-08-16 23:29:53 UTC', 'changes': {'Paleo Interpretation metadata': [[""d18O (TR11XUPH00): interpretation2_scope: '' has been replaced by 'isotope'""], [""d18O (TR11XUPH00): interpretation3_scope: '' has been replaced by 'isotope'""]]}}, {'version': '1.0.1', 'lastVersion': '1.0.0', 'curator': 'nicholas', 'timestamp': '2022-08-12 20:09:40 UTC', 'notes': 'Updated lipdverse database entry with a changed file.', 'changes': {'Dataset': [['chronData has been added to this dataset']], 'ChronData table': [[""Column 'addRNU1Vs1fP3InxR0WV', with variable name 'yearEnsemble', was added to the dataset""]]}}]",Chenxi X.,,,,,,,10.1016/j.palaeo.2013.06.025,2013.0,"Xu, C., Sano, M. and Nakatsuka, T.: A 400-year record of hydroclimate variability and local ENSO history in northern Southeast Asia inferred from tree-ring δ18O, Palaeogeography, Palaeoclimatology, Palaeoecology, 386, 588–598, doi:10.1016/j.palaeo.2013.06.025, 2013.",,,"Phu Leuy, Northern Laos",context.jsonld,1.3,meas,paleo0measurement0,nan,TR11XUPH.paleo0measurement0.csv
TR11XUPH,paleoData,57.062892031,Wood,101.2,19.9,1340.0,Point,,matlab,0.0,,c7f2d1d68a3465fcf7a8bfd70e7c5b28,http://lipdverse.org/iso2k/1_0_0/TR11XUPH.html,2002,1550,0,wood,0,0,this compilation,iso2k100_TR11XUPH,"[{'version': '1.0.2', 'lastVersion': '1.0.1', 'curator': 'nicholas', 'timestamp': '2022-08-16 23:29:53 UTC', 'changes': {'Paleo Interpretation metadata': [[""d18O (TR11XUPH00): interpretation2_scope: '' has been replaced by 'isotope'""], [""d18O (TR11XUPH00): interpretation3_scope: '' has been replaced by 'isotope'""]]}}, {'version': '1.0.1', 'lastVersion': '1.0.0', 'curator': 'nicholas', 'timestamp': '2022-08-12 20:09:40 UTC', 'notes': 'Updated lipdverse database entry with a changed file.', 'changes': {'Dataset': [['chronData has been added to this dataset']], 'ChronData table': [[""Column 'addRNU1Vs1fP3InxR0WV', with variable name 'yearEnsemble', was added to the dataset""]]}}]",Chenxi X.,,,,,,,10.1016/j.palaeo.2013.06.025,2013.0,"Xu, C., Sano, M. and Nakatsuka, T.: A 400-year record of hydroclimate variability and local ENSO history in northern Southeast Asia inferred from tree-ring δ18O, Palaeogeography, Palaeoclimatology, Palaeoecology, 386, 588–598, doi:10.1016/j.palaeo.2013.06.025, 2013.",,,"Phu Leuy, Northern Laos",context.jsonld,1.3,meas,paleo0measurement0,nan,TR11XUPH.paleo0measurement0.csv
TR13SAWA00,paleoData,57.062892031,Wood,90.0,27.983,3500.0,Point,Wache2013d18O,matlab,0.0,"Sano, M.; Tshering, P.; Komori, J.; Fujita, K.; Xu, C.; Nakatsuka, T.",903de353239353753f8600f8a756fc25,http://lipdverse.org/iso2k/1_0_0/TR13SAWA00.html,2011,1743,0,wood,0,0,https://www.ncdc.noaa.gov/paleo/study/22548,iso2k100_TR13SAWA00,"[{'version': '1.0.2', 'lastVersion': '1.0.1', 'curator': 'nicholas', 'timestamp': '2022-08-16 23:29:55 UTC', 'changes': {'Paleo Interpretation metadata': [[""d18O (WEBa8749551): interpretation4_scope: '' has been replaced by 'isotope'""]]}}, {'version': '1.0.1', 'lastVersion': '1.0.0', 'curator': 'nicholas', 'timestamp': '2022-08-12 20:09:52 UTC', 'notes': 'Updated lipdverse database entry with a changed file.', 'changes': {'Dataset': [['chronData has been added to this dataset']], 'ChronData table': [[""Column 'addRUD7tatpDQyumVUED', with variable name 'yearEnsemble', was added to the dataset""]]}}]",Sano M.,,Journal of Geophysical Research: Atmospheres,8399-8410,American Geophysical Union (AGU),May-September precipitation in the Bhutan Himalaya since 1743 as reconstructed from tree ring cellulose δ18O,article-journal,10.1002/jgrd.50664,2013.0,"Sano, M., Tshering, P., Komori, J., Fujita, K., Xu, C. and Nakatsuka, T.: May-September precipitation in the Bhutan Himalaya since 1743 as reconstructed from tree ring cellulose δ18O, Journal of Geophysical Research: Atmospheres, 118(15), 8399–8410, doi:10.1002/jgrd.50664, 2013.",Bhutan,"Central Himalaya, Bhutan","Wache, Bhutan",context.jsonld,1.3,meas,paleo0measurement0,nan,TR13SAWA00.paleo0measurement0.csv
TR13SAWA00,paleoData,57.062892031,Wood,90.0,27.983,3500.0,Point,Wache2013d18O,matlab,0.0,"Sano, M.; Tshering, P.; Komori, J.; Fujita, K.; Xu, C.; Nakatsuka, T.",903de353239353753f8600f8a756fc25,http://lipdverse.org/iso2k/1_0_0/TR13SAWA00.html,2011,1743,0,wood,0,0,https://www.ncdc.noaa.gov/paleo/study/22548,iso2k100_TR13SAWA00,"[{'version': '1.0.2', 'lastVersion': '1.0.1', 'curator': 'nicholas', 'timestamp': '2022-08-16 23:29:55 UTC', 'changes': {'Paleo Interpretation metadata': [[""d18O (WEBa8749551): interpretation4_scope: '' has been replaced by 'isotope'""]]}}, {'version': '1.0.1', 'lastVersion': '1.0.0', 'curator': 'nicholas', 'timestamp': '2022-08-12 20:09:52 UTC', 'notes': 'Updated lipdverse database entry with a changed file.', 'changes': {'Dataset': [['chronData has been added to this dataset']], 'ChronData table': [[""Column 'addRUD7tatpDQyumVUED', with variable name 'yearEnsemble', was added to the dataset""]]}}]",Sano M.,,Journal of Geophysical Research: Atmospheres,8399-8410,American Geophysical Union (AGU),May-September precipitation in the Bhutan Himalaya since 1743 as reconstructed from tree ring cellulose δ18O,article-journal,10.1002/jgrd.50664,2013.0,"Sano, M., Tshering, P., Komori, J., Fujita, K., Xu, C. and Nakatsuka, T.: May-September precipitation in the Bhutan Himalaya since 1743 as reconstructed from tree ring cellulose δ18O, Journal of Geophysical Research: Atmospheres, 118(15), 8399–8410, doi:10.1002/jgrd.50664, 2013.",Bhutan,"Central Himalaya, Bhutan","Wache, Bhutan",context.jsonld,1.3,meas,paleo0measurement0,nan,TR13SAWA00.paleo0measurement0.csv
TR06TRBO,paleoData,57.062892031,Wood,74.98,36.62,3900.0,Point,,matlab,0.0,,fa046a9fb5901771a817ad49534848e9,http://lipdverse.org/iso2k/1_0_0/TR06TRBO.html,1998,1000,0,wood,0,0,https://www.ncdc.noaa.gov/paleo/study/20904,iso2k100_TR06TRBO,"[{'version': '1.0.2', 'lastVersion': '1.0.1', 'curator': 'nicholas', 'timestamp': '2022-08-16 23:29:51 UTC', 'changes': {'Paleo Interpretation metadata': [[""d18O (TR06TRBO00): interpretation3_scope: '' has been replaced by 'isotope'""], [""d18O (TR06TRBO00): interpretation4_scope: '' has been replaced by 'isotope'""]]}}, {'version': '1.0.1', 'lastVersion': '1.0.0', 'curator': 'nicholas', 'timestamp': '2022-08-12 20:09:05 UTC', 'notes': 'Updated lipdverse database entry with a changed file.', 'changes': {'Dataset': [['chronData has been added to this dataset']], 'ChronData table': [[""Column 'addROf34afuDIdTWJqDB', with variable name 'yearEnsemble', was added to the dataset""]]}}]",Treydte K. S.,,,,,,,10.1038/nature04743,2006.0,"Treydte, K. S., Schleser, G. H., Helle, G., Frank, D. C., Winiger, M., Haug, G. H. and Esper, J.: The twentieth century was the wettest period in northern Pakistan over the past millennium, Nature, 440(7088), 1179–1182, doi:10.1038/nature04743, 2006.",,,"Boibar Valley, Northern Pakistan",context.jsonld,1.3,meas,paleo0measurement0,nan,TR06TRBO.paleo0measurement0.csv
TR06TRBO,paleoData,57.062892031,Wood,74.98,36.62,3900.0,Point,,matlab,0.0,,fa046a9fb5901771a817ad49534848e9,http://lipdverse.org/iso2k/1_0_0/TR06TRBO.html,1998,1000,0,wood,0,0,https://www.ncdc.noaa.gov/paleo/study/20904,iso2k100_TR06TRBO,"[{'version': '1.0.2', 'lastVersion': '1.0.1', 'curator': 'nicholas', 'timestamp': '2022-08-16 23:29:51 UTC', 'changes': {'Paleo Interpretation metadata': [[""d18O (TR06TRBO00): interpretation3_scope: '' has been replaced by 'isotope'""], [""d18O (TR06TRBO00): interpretation4_scope: '' has been replaced by 'isotope'""]]}}, {'version': '1.0.1', 'lastVersion': '1.0.0', 'curator': 'nicholas', 'timestamp': '2022-08-12 20:09:05 UTC', 'notes': 'Updated lipdverse database entry with a changed file.', 'changes': {'Dataset': [['chronData has been added to this dataset']], 'ChronData table': [[""Column 'addROf34afuDIdTWJqDB', with variable name 'yearEnsemble', was added to the dataset""]]}}]",Treydte K. S.,,,,,,,10.1038/nature04743,2006.0,"Treydte, K. S., Schleser, G. H., Helle, G., Frank, D. C., Winiger, M., Haug, G. H. and Esper, J.: The twentieth century was the wettest period in northern Pakistan over the past millennium, Nature, 440(7088), 1179–1182, doi:10.1038/nature04743, 2006.",,,"Boibar Valley, Northern Pakistan",context.jsonld,1.3,meas,paleo0measurement0,nan,TR06TRBO.paleo0measurement0.csv
TR17GRTP,paleoData,57.062892031,Wood,97.033,31.15,4500.0,,,lipd.net,,Jussi Grießinger,,http://lipdverse.org/iso2k/1_0_0/TR17GRTP.html,2010,489,0,,0,0,this compilation,iso2k100_TR17GRTP,"[{'version': '1.0.2', 'lastVersion': '1.0.1', 'curator': 'nicholas', 'timestamp': '2022-08-16 23:29:57 UTC', 'changes': {'Paleo Interpretation metadata': [[""d18O (WEB1d361c0a): interpretation3_scope: '' has been replaced by 'isotope'""], [""d18O (WEB1d361c0a): interpretation4_scope: '' has been replaced by 'isotope'""]]}}, {'version': '1.0.1', 'lastVersion': '1.0.0', 'curator': 'nicholas', 'timestamp': '2022-08-12 20:10:20 UTC', 'notes': 'Updated lipdverse database entry with a changed file.', 'changes': {'Dataset': [['chronData has been added to this dataset']], 'ChronData table': [[""Column 'addRjq1Ryu8ivNJB0KMQ', with variable name 'yearEnsemble', was added to the dataset""]]}}]","GrieSSinger, Jussi;Braeuning, Achim;Helle, Gerhard;Hochreuther, Philipp;Schleser, Gerhard",,Quaternary International,52-59,Elsevier BV,Late Holocene relative humidity history on the southeastern Tibetan plateau inferred from a tree-ring δ 18 O record: Recent decrease and conditions during the last 1500 years,article-journal,10.1016/j.quaint.2016.02.011,2017.0,"GrieSSinger, J., Braeuning, A., Helle, G., Hochreuther, P. and Schleser, G.: Late Holocene relative humidity history on the southeastern Tibetan plateau inferred from a tree-ring δ 18 O record: Recent decrease and conditions during the last 1500 years, Quaternary International, 430, 52–59, doi:10.1016/j.quaint.2016.02.011, 2017.",,"Tibetan Plateau, China","Qamdo, China",context.jsonld,1.3,meas,paleo0measurement0,nan,TR17GRTP.paleo0measurement0.csv
TR17GRTP,paleoData,57.062892031,Wood,97.033,31.15,4500.0,,,lipd.net,,Jussi Grießinger,,http://lipdverse.org/iso2k/1_0_0/TR17GRTP.html,2010,489,0,,0,0,this compilation,iso2k100_TR17GRTP,"[{'version': '1.0.2', 'lastVersion': '1.0.1', 'curator': 'nicholas', 'timestamp': '2022-08-16 23:29:57 UTC', 'changes': {'Paleo Interpretation metadata': [[""d18O (WEB1d361c0a): interpretation3_scope: '' has been replaced by 'isotope'""], [""d18O (WEB1d361c0a): interpretation4_scope: '' has been replaced by 'isotope'""]]}}, {'version': '1.0.1', 'lastVersion': '1.0.0', 'curator': 'nicholas', 'timestamp': '2022-08-12 20:10:20 UTC', 'notes': 'Updated lipdverse database entry with a changed file.', 'changes': {'Dataset': [['chronData has been added to this dataset']], 'ChronData table': [[""Column 'addRjq1Ryu8ivNJB0KMQ', with variable name 'yearEnsemble', was added to the dataset""]]}}]","GrieSSinger, Jussi;Braeuning, Achim;Helle, Gerhard;Hochreuther, Philipp;Schleser, Gerhard",,Quaternary International,52-59,Elsevier BV,Late Holocene relative humidity history on the southeastern Tibetan plateau inferred from a tree-ring δ 18 O record: Recent decrease and conditions during the last 1500 years,article-journal,10.1016/j.quaint.2016.02.011,2017.0,"GrieSSinger, J., Braeuning, A., Helle, G., Hochreuther, P. and Schleser, G.: Late Holocene relative humidity history on the southeastern Tibetan plateau inferred from a tree-ring δ 18 O record: Recent decrease and conditions during the last 1500 years, Quaternary International, 430, 52–59, doi:10.1016/j.quaint.2016.02.011, 2017.",,"Tibetan Plateau, China","Qamdo, China",context.jsonld,1.3,meas,paleo0measurement0,nan,TR17GRTP.paleo0measurement0.csv
TR16WEMI,paleoData,57.062892031,Wood,96.43,29.45,3950.0,Point,,lipd.net,,"Wernicke, Jakob",,http://lipdverse.org/iso2k/1_0_0/TR16WEMI.html,2011,1592,0,,0,0,https://doi.org/10.1594/PANGAEA.869839,iso2k100_TR16WEMI,"[{'version': '1.0.2', 'lastVersion': '1.0.1', 'curator': 'nicholas', 'timestamp': '2022-08-16 23:29:57 UTC', 'changes': {'Paleo Interpretation metadata': [[""d18O (WEB3e43f177): interpretation3_scope: '' has been replaced by 'isotope'""], [""d18O (WEB3e43f177): interpretation4_scope: '' has been replaced by 'isotope'""]]}}, {'version': '1.0.1', 'lastVersion': '1.0.0', 'curator': 'nicholas', 'timestamp': '2022-08-12 20:10:12 UTC', 'notes': 'Updated lipdverse database entry with a changed file.', 'changes': {'Dataset': [['chronData has been added to this dataset']], 'ChronData table': [[""Column 'addR9wdrLEOIoFkL3y43', with variable name 'yearEnsemble', was added to the dataset""]]}}]",,,Global and Planetary Change,26-35,Elsevier BV,Multi-century humidity reconstructions from the southeastern Tibetan Plateau inferred from tree-ring δ 18 O,article-journal,10.1016/j.gloplacha.2016.12.013,,"Wernicke, J., Hochreuther, P., GrieSSinger, J., Zhu, H., Wang, L. and Braeuning, A.: Multi-century humidity reconstructions from the southeastern Tibetan Plateau inferred from tree-ring δ18O, Global and Planetary Change, 149, 26–35, doi:10.1016/j.gloplacha.2016.12.013, 2017.",,"Tibet Plateau, China","MiMei, China",context.jsonld,1.3,meas,paleo0measurement0,nan,TR16WEMI.paleo0measurement0.csv
TR16WEMI,paleoData,57.062892031,Wood,96.43,29.45,3950.0,Point,,lipd.net,,"Wernicke, Jakob",,http://lipdverse.org/iso2k/1_0_0/TR16WEMI.html,2011,1592,0,,0,0,https://doi.org/10.1594/PANGAEA.869839,iso2k100_TR16WEMI,"[{'version': '1.0.2', 'lastVersion': '1.0.1', 'curator': 'nicholas', 'timestamp': '2022-08-16 23:29:57 UTC', 'changes': {'Paleo Interpretation metadata': [[""d18O (WEB3e43f177): interpretation3_scope: '' has been replaced by 'isotope'""], [""d18O (WEB3e43f177): interpretation4_scope: '' has been replaced by 'isotope'""]]}}, {'version': '1.0.1', 'lastVersion': '1.0.0', 'curator': 'nicholas', 'timestamp': '2022-08-12 20:10:12 UTC', 'notes': 'Updated lipdverse database entry with a changed file.', 'changes': {'Dataset': [['chronData has been added to this dataset']], 'ChronData table': [[""Column 'addR9wdrLEOIoFkL3y43', with variable name 'yearEnsemble', was added to the dataset""]]}}]",,,Global and Planetary Change,26-35,Elsevier BV,Multi-century humidity reconstructions from the southeastern Tibetan Plateau inferred from tree-ring δ 18 O,article-journal,10.1016/j.gloplacha.2016.12.013,,"Wernicke, J., Hochreuther, P., GrieSSinger, J., Zhu, H., Wang, L. and Braeuning, A.: Multi-century humidity reconstructions from the southeastern Tibetan Plateau inferred from tree-ring δ18O, Global and Planetary Change, 149, 26–35, doi:10.1016/j.gloplacha.2016.12.013, 2017.",,"Tibet Plateau, China","MiMei, China",context.jsonld,1.3,meas,paleo0measurement0,nan,TR16WEMI.paleo0measurement0.csv
TR16WEXI,paleoData,57.062892031,Wood,95.07,30.42,3100.0,Point,,lipd.net,,"Wernicke, Jakob",,http://lipdverse.org/iso2k/1_0_0/TR16WEXI.html,2012,1352,0,,0,0,https://doi.org/10.1594/PANGAEA.869840,iso2k100_TR16WEXI,"[{'version': '1.0.2', 'lastVersion': '1.0.1', 'curator': 'nicholas', 'timestamp': '2022-08-16 23:29:57 UTC', 'changes': {'Paleo Interpretation metadata': [[""d18O (WEB640da8ea): interpretation3_scope: '' has been replaced by 'isotope'""], [""d18O (WEB640da8ea): interpretation4_scope: '' has been replaced by 'isotope'""]]}}, {'version': '1.0.1', 'lastVersion': '1.0.0', 'curator': 'nicholas', 'timestamp': '2022-08-12 20:10:15 UTC', 'notes': 'Updated lipdverse database entry with a changed file.', 'changes': {'Dataset': [['chronData has been added to this dataset']], 'ChronData table': [[""Column 'addR5zETtHt2W2h3VCfB', with variable name 'yearEnsemble', was added to the dataset""]]}}]",,,Global and Planetary Change,26-35,Elsevier BV,Multi-century humidity reconstructions from the southeastern Tibetan Plateau inferred from tree-ring δ 18 O,article-journal,10.1016/j.gloplacha.2016.12.013,,"Wernicke, J., Hochreuther, P., GrieSSinger, J., Zhu, H., Wang, L. and Braeuning, A.: Multi-century humidity reconstructions from the southeastern Tibetan Plateau inferred from tree-ring δ18O, Global and Planetary Change, 149, 26–35, doi:10.1016/j.gloplacha.2016.12.013, 2017.",,"Tibet Plateau, China","Xinpu, China",context.jsonld,1.3,meas,paleo0measurement0,nan,TR16WEXI.paleo0measurement0.csv
TR16WEXI,paleoData,57.062892031,Wood,95.07,30.42,3100.0,Point,,lipd.net,,"Wernicke, Jakob",,http://lipdverse.org/iso2k/1_0_0/TR16WEXI.html,2012,1352,0,,0,0,https://doi.org/10.1594/PANGAEA.869840,iso2k100_TR16WEXI,"[{'version': '1.0.2', 'lastVersion': '1.0.1', 'curator': 'nicholas', 'timestamp': '2022-08-16 23:29:57 UTC', 'changes': {'Paleo Interpretation metadata': [[""d18O (WEB640da8ea): interpretation3_scope: '' has been replaced by 'isotope'""], [""d18O (WEB640da8ea): interpretation4_scope: '' has been replaced by 'isotope'""]]}}, {'version': '1.0.1', 'lastVersion': '1.0.0', 'curator': 'nicholas', 'timestamp': '2022-08-12 20:10:15 UTC', 'notes': 'Updated lipdverse database entry with a changed file.', 'changes': {'Dataset': [['chronData has been added to this dataset']], 'ChronData table': [[""Column 'addR5zETtHt2W2h3VCfB', with variable name 'yearEnsemble', was added to the dataset""]]}}]",,,Global and Planetary Change,26-35,Elsevier BV,Multi-century humidity reconstructions from the southeastern Tibetan Plateau inferred from tree-ring δ 18 O,article-journal,10.1016/j.gloplacha.2016.12.013,,"Wernicke, J., Hochreuther, P., GrieSSinger, J., Zhu, H., Wang, L. and Braeuning, A.: Multi-century humidity reconstructions from the southeastern Tibetan Plateau inferred from tree-ring δ18O, Global and Planetary Change, 149, 26–35, doi:10.1016/j.gloplacha.2016.12.013, 2017.",,"Tibet Plateau, China","Xinpu, China",context.jsonld,1.3,meas,paleo0measurement0,nan,TR16WEXI.paleo0measurement0.csv
IC06THPR,paleoData,57.062892031,GlacierIce,89.0833,33.9167,6070.0,Point,,matlab,1.0,,fd744603b223d1fb88fb0e0ba430e2f5,http://lipdverse.org/iso2k/1_0_0/IC06THPR.html,-Inf,Inf,0,glacier ice,0,0,,poe6t9cnB2J9vBRm9eT1,"[{'version': '1.0.1', 'lastVersion': '1.0.0', 'curator': 'nicholas', 'timestamp': '2022-08-16 23:28:23 UTC', 'changes': {'Paleo Interpretation metadata': [[""d18O (IC06THPR01A): interpretation3_scope: '' has been replaced by 'isotope'""], [""d18O (IC06THPR01A): interpretation4_scope: '' has been replaced by 'isotope'""], [""d18O (IC06THPR02A): interpretation3_scope: '' has been replaced by 'isotope'""], [""d18O (IC06THPR02A): interpretation4_scope: '' has been replaced by 'isotope'""], [""d18O (IC06THPR02B): interpretation3_scope: '' has been replaced by 'isotope'""], [""d18O (IC06THPR02B): interpretation4_scope: '' has been replaced by 'isotope'""]]}}]",Thompson,,,,,,,10.3189/172756406781812357,2006.0,"Thompson, L. G., Tandong, Y., Davis, M. E., Mosley-Thompson, E., Mashiotta, T. A., Lin, P.-N., Mikhalenko, V. N. and Zagorodnov, V. S.: Holocene climate variability archived in the Puruogangri ice cap on the central Tibetan Plateau, Annals of Glaciology, 43, 61–69, doi:10.3189/172756406781812357, 2006.",,,Puruogangri ice cap,context.jsonld,1.3,meas,paleo0measurement0,nan,IC06THPR.paleo0measurement0.csv
IC06THPR,paleoData,57.062892031,GlacierIce,89.0833,33.9167,6070.0,Point,,matlab,1.0,,fd744603b223d1fb88fb0e0ba430e2f5,http://lipdverse.org/iso2k/1_0_0/IC06THPR.html,-Inf,Inf,0,glacier ice,0,0,,poe6t9cnB2J9vBRm9eT1,"[{'version': '1.0.1', 'lastVersion': '1.0.0', 'curator': 'nicholas', 'timestamp': '2022-08-16 23:28:23 UTC', 'changes': {'Paleo Interpretation metadata': [[""d18O (IC06THPR01A): interpretation3_scope: '' has been replaced by 'isotope'""], [""d18O (IC06THPR01A): interpretation4_scope: '' has been replaced by 'isotope'""], [""d18O (IC06THPR02A): interpretation3_scope: '' has been replaced by 'isotope'""], [""d18O (IC06THPR02A): interpretation4_scope: '' has been replaced by 'isotope'""], [""d18O (IC06THPR02B): interpretation3_scope: '' has been replaced by 'isotope'""], [""d18O (IC06THPR02B): interpretation4_scope: '' has been replaced by 'isotope'""]]}}]",Thompson,,,,,,,10.3189/172756406781812357,2006.0,"Thompson, L. G., Tandong, Y., Davis, M. E., Mosley-Thompson, E., Mashiotta, T. A., Lin, P.-N., Mikhalenko, V. N. and Zagorodnov, V. S.: Holocene climate variability archived in the Puruogangri ice cap on the central Tibetan Plateau, Annals of Glaciology, 43, 61–69, doi:10.3189/172756406781812357, 2006.",,,Puruogangri ice cap,context.jsonld,1.3,meas,paleo0measurement0,nan,IC06THPR.paleo0measurement0.csv
IC06THPR,paleoData,57.062892031,GlacierIce,89.0833,33.9167,6070.0,Point,,matlab,1.0,,fd744603b223d1fb88fb0e0ba430e2f5,http://lipdverse.org/iso2k/1_0_0/IC06THPR.html,-Inf,Inf,0,glacier ice,0,0,,poe6t9cnB2J9vBRm9eT1,"[{'version': '1.0.1', 'lastVersion': '1.0.0', 'curator': 'nicholas', 'timestamp': '2022-08-16 23:28:23 UTC', 'changes': {'Paleo Interpretation metadata': [[""d18O (IC06THPR01A): interpretation3_scope: '' has been replaced by 'isotope'""], [""d18O (IC06THPR01A): interpretation4_scope: '' has been replaced by 'isotope'""], [""d18O (IC06THPR02A): interpretation3_scope: '' has been replaced by 'isotope'""], [""d18O (IC06THPR02A): interpretation4_scope: '' has been replaced by 'isotope'""], [""d18O (IC06THPR02B): interpretation3_scope: '' has been replaced by 'isotope'""], [""d18O (IC06THPR02B): interpretation4_scope: '' has been replaced by 'isotope'""]]}}]",Thompson,,,,,,,10.3189/172756406781812357,2006.0,"Thompson, L. G., Tandong, Y., Davis, M. E., Mosley-Thompson, E., Mashiotta, T. A., Lin, P.-N., Mikhalenko, V. N. and Zagorodnov, V. S.: Holocene climate variability archived in the Puruogangri ice cap on the central Tibetan Plateau, Annals of Glaciology, 43, 61–69, doi:10.3189/172756406781812357, 2006.",,,Puruogangri ice cap,context.jsonld,1.3,meas,paleo0measurement1,nan,IC06THPR.paleo0measurement1.csv
IC06THPR,paleoData,57.062892031,GlacierIce,89.0833,33.9167,6070.0,Point,,matlab,1.0,,fd744603b223d1fb88fb0e0ba430e2f5,http://lipdverse.org/iso2k/1_0_0/IC06THPR.html,-Inf,Inf,0,glacier ice,0,0,,poe6t9cnB2J9vBRm9eT1,"[{'version': '1.0.1', 'lastVersion': '1.0.0', 'curator': 'nicholas', 'timestamp': '2022-08-16 23:28:23 UTC', 'changes': {'Paleo Interpretation metadata': [[""d18O (IC06THPR01A): interpretation3_scope: '' has been replaced by 'isotope'""], [""d18O (IC06THPR01A): interpretation4_scope: '' has been replaced by 'isotope'""], [""d18O (IC06THPR02A): interpretation3_scope: '' has been replaced by 'isotope'""], [""d18O (IC06THPR02A): interpretation4_scope: '' has been replaced by 'isotope'""], [""d18O (IC06THPR02B): interpretation3_scope: '' has been replaced by 'isotope'""], [""d18O (IC06THPR02B): interpretation4_scope: '' has been replaced by 'isotope'""]]}}]",Thompson,,,,,,,10.3189/172756406781812357,2006.0,"Thompson, L. G., Tandong, Y., Davis, M. E., Mosley-Thompson, E., Mashiotta, T. A., Lin, P.-N., Mikhalenko, V. N. and Zagorodnov, V. S.: Holocene climate variability archived in the Puruogangri ice cap on the central Tibetan Plateau, Annals of Glaciology, 43, 61–69, doi:10.3189/172756406781812357, 2006.",,,Puruogangri ice cap,context.jsonld,1.3,meas,paleo0measurement1,nan,IC06THPR.paleo0measurement1.csv
IC06THPR,paleoData,57.062892031,GlacierIce,89.0833,33.9167,6070.0,Point,,matlab,1.0,,fd744603b223d1fb88fb0e0ba430e2f5,http://lipdverse.org/iso2k/1_0_0/IC06THPR.html,-Inf,Inf,0,glacier ice,0,0,,poe6t9cnB2J9vBRm9eT1,"[{'version': '1.0.1', 'lastVersion': '1.0.0', 'curator': 'nicholas', 'timestamp': '2022-08-16 23:28:23 UTC', 'changes': {'Paleo Interpretation metadata': [[""d18O (IC06THPR01A): interpretation3_scope: '' has been replaced by 'isotope'""], [""d18O (IC06THPR01A): interpretation4_scope: '' has been replaced by 'isotope'""], [""d18O (IC06THPR02A): interpretation3_scope: '' has been replaced by 'isotope'""], [""d18O (IC06THPR02A): interpretation4_scope: '' has been replaced by 'isotope'""], [""d18O (IC06THPR02B): interpretation3_scope: '' has been replaced by 'isotope'""], [""d18O (IC06THPR02B): interpretation4_scope: '' has been replaced by 'isotope'""]]}}]",Thompson,,,,,,,10.3189/172756406781812357,2006.0,"Thompson, L. G., Tandong, Y., Davis, M. E., Mosley-Thompson, E., Mashiotta, T. A., Lin, P.-N., Mikhalenko, V. N. and Zagorodnov, V. S.: Holocene climate variability archived in the Puruogangri ice cap on the central Tibetan Plateau, Annals of Glaciology, 43, 61–69, doi:10.3189/172756406781812357, 2006.",,,Puruogangri ice cap,context.jsonld,1.3,meas,paleo0measurement2,nan,IC06THPR.paleo0measurement2.csv
IC06THPR,paleoData,57.062892031,GlacierIce,89.0833,33.9167,6070.0,Point,,matlab,1.0,,fd744603b223d1fb88fb0e0ba430e2f5,http://lipdverse.org/iso2k/1_0_0/IC06THPR.html,-Inf,Inf,0,glacier ice,0,0,,poe6t9cnB2J9vBRm9eT1,"[{'version': '1.0.1', 'lastVersion': '1.0.0', 'curator': 'nicholas', 'timestamp': '2022-08-16 23:28:23 UTC', 'changes': {'Paleo Interpretation metadata': [[""d18O (IC06THPR01A): interpretation3_scope: '' has been replaced by 'isotope'""], [""d18O (IC06THPR01A): interpretation4_scope: '' has been replaced by 'isotope'""], [""d18O (IC06THPR02A): interpretation3_scope: '' has been replaced by 'isotope'""], [""d18O (IC06THPR02A): interpretation4_scope: '' has been replaced by 'isotope'""], [""d18O (IC06THPR02B): interpretation3_scope: '' has been replaced by 'isotope'""], [""d18O (IC06THPR02B): interpretation4_scope: '' has been replaced by 'isotope'""]]}}]",Thompson,,,,,,,10.3189/172756406781812357,2006.0,"Thompson, L. G., Tandong, Y., Davis, M. E., Mosley-Thompson, E., Mashiotta, T. A., Lin, P.-N., Mikhalenko, V. N. and Zagorodnov, V. S.: Holocene climate variability archived in the Puruogangri ice cap on the central Tibetan Plateau, Annals of Glaciology, 43, 61–69, doi:10.3189/172756406781812357, 2006.",,,Puruogangri ice cap,context.jsonld,1.3,meas,paleo0measurement2,nan,IC06THPR.paleo0measurement2.csv
IC15GANK,paleoData,57.062892031,GlacierIce,90.2,29.04,5950.0,Point,,matlab,0.0,,338535d0a60635a55eefa06eab7ff213,http://lipdverse.org/iso2k/1_0_0/IC15GANK.html,2006,1864,0,glacier ice,0,0,https://www.ncdc.noaa.gov/paleo-search/study/21171,iso2k100_IC15GANK,"[{'version': '1.0.2', 'lastVersion': '1.0.1', 'curator': 'nicholas', 'timestamp': '2022-08-16 23:28:37 UTC', 'changes': {'Paleo Interpretation metadata': [[""d18O (IC15GANK01A): interpretation3_scope: '' has been replaced by 'isotope'""], [""d18O (IC15GANK01A): interpretation4_scope: '' has been replaced by 'isotope'""], [""d2H (IC15GANK01B): interpretation1_scope: '' has been replaced by 'isotope'""], [""d2H (IC15GANK01B): interpretation2_scope: '' has been replaced by 'isotope'""], [""d2H (IC15GANK01B): interpretation3_scope: '' has been replaced by 'isotope'""]]}}, {'version': '1.0.1', 'lastVersion': '1.0.0', 'curator': 'nicholas', 'timestamp': '2022-08-12 20:06:52 UTC', 'notes': 'Updated lipdverse database entry with a changed file.', 'changes': {'Dataset': [['chronData has been added to this dataset']], 'ChronData table': [[""Column 'addRescXypALxrfA6x0f', with variable name 'yearEnsemble', was added to the dataset""]]}}]",Gao,,,,,,,10.1007/s00382-015-2584-3,2015.0,"Gao, J., Risi, C., Masson-Delmotte, V., He, Y. and Xu, B.: Southern Tibetan Plateau ice core δ18O reflects abrupt shifts in atmospheric circulation in the late 1970s, Climate Dynamics, 46(1-2), 291–302, doi:10.1007/s00382-015-2584-3, 2015.",,,Noijin Kangsang Glacier,context.jsonld,1.3,meas,paleo0measurement0,nan,IC15GANK.paleo0measurement0.csv
IC15GANK,paleoData,57.062892031,GlacierIce,90.2,29.04,5950.0,Point,,matlab,0.0,,338535d0a60635a55eefa06eab7ff213,http://lipdverse.org/iso2k/1_0_0/IC15GANK.html,2006,1864,0,glacier ice,0,0,https://www.ncdc.noaa.gov/paleo-search/study/21171,iso2k100_IC15GANK,"[{'version': '1.0.2', 'lastVersion': '1.0.1', 'curator': 'nicholas', 'timestamp': '2022-08-16 23:28:37 UTC', 'changes': {'Paleo Interpretation metadata': [[""d18O (IC15GANK01A): interpretation3_scope: '' has been replaced by 'isotope'""], [""d18O (IC15GANK01A): interpretation4_scope: '' has been replaced by 'isotope'""], [""d2H (IC15GANK01B): interpretation1_scope: '' has been replaced by 'isotope'""], [""d2H (IC15GANK01B): interpretation2_scope: '' has been replaced by 'isotope'""], [""d2H (IC15GANK01B): interpretation3_scope: '' has been replaced by 'isotope'""]]}}, {'version': '1.0.1', 'lastVersion': '1.0.0', 'curator': 'nicholas', 'timestamp': '2022-08-12 20:06:52 UTC', 'notes': 'Updated lipdverse database entry with a changed file.', 'changes': {'Dataset': [['chronData has been added to this dataset']], 'ChronData table': [[""Column 'addRescXypALxrfA6x0f', with variable name 'yearEnsemble', was added to the dataset""]]}}]",Gao,,,,,,,10.1007/s00382-015-2584-3,2015.0,"Gao, J., Risi, C., Masson-Delmotte, V., He, Y. and Xu, B.: Southern Tibetan Plateau ice core δ18O reflects abrupt shifts in atmospheric circulation in the late 1970s, Climate Dynamics, 46(1-2), 291–302, doi:10.1007/s00382-015-2584-3, 2015.",,,Noijin Kangsang Glacier,context.jsonld,1.3,meas,paleo0measurement0,nan,IC15GANK.paleo0measurement0.csv
IC15GANK,paleoData,57.062892031,GlacierIce,90.2,29.04,5950.0,Point,,matlab,0.0,,338535d0a60635a55eefa06eab7ff213,http://lipdverse.org/iso2k/1_0_0/IC15GANK.html,2006,1864,0,glacier ice,0,0,https://www.ncdc.noaa.gov/paleo-search/study/21171,iso2k100_IC15GANK,"[{'version': '1.0.2', 'lastVersion': '1.0.1', 'curator': 'nicholas', 'timestamp': '2022-08-16 23:28:37 UTC', 'changes': {'Paleo Interpretation metadata': [[""d18O (IC15GANK01A): interpretation3_scope: '' has been replaced by 'isotope'""], [""d18O (IC15GANK01A): interpretation4_scope: '' has been replaced by 'isotope'""], [""d2H (IC15GANK01B): interpretation1_scope: '' has been replaced by 'isotope'""], [""d2H (IC15GANK01B): interpretation2_scope: '' has been replaced by 'isotope'""], [""d2H (IC15GANK01B): interpretation3_scope: '' has been replaced by 'isotope'""]]}}, {'version': '1.0.1', 'lastVersion': '1.0.0', 'curator': 'nicholas', 'timestamp': '2022-08-12 20:06:52 UTC', 'notes': 'Updated lipdverse database entry with a changed file.', 'changes': {'Dataset': [['chronData has been added to this dataset']], 'ChronData table': [[""Column 'addRescXypALxrfA6x0f', with variable name 'yearEnsemble', was added to the dataset""]]}}]",Gao,,,,,,,10.1007/s00382-015-2584-3,2015.0,"Gao, J., Risi, C., Masson-Delmotte, V., He, Y. and Xu, B.: Southern Tibetan Plateau ice core δ18O reflects abrupt shifts in atmospheric circulation in the late 1970s, Climate Dynamics, 46(1-2), 291–302, doi:10.1007/s00382-015-2584-3, 2015.",,,Noijin Kangsang Glacier,context.jsonld,1.3,meas,paleo0measurement0,nan,IC15GANK.paleo0measurement0.csv
IC06WAML,paleoData,57.062892031,GlacierIce,90.76,35.81,5680.0,Point,,matlab,0.0,,6e4e791ae9be49b4588f32676590e258,http://lipdverse.org/iso2k/1_0_0/IC06WAML.html,1999,1129,0,glacier ice,0,0,https://www.ncdc.noaa.gov/paleo-search/study/21171,iso2k100_IC06WAML,"[{'version': '1.0.2', 'lastVersion': '1.0.1', 'curator': 'nicholas', 'timestamp': '2022-08-16 23:28:24 UTC', 'changes': {'Paleo Interpretation metadata': [[""d18O (IC06WAML01A): interpretation3_scope: '' has been replaced by 'isotope'""], [""d18O (IC06WAML01A): interpretation4_scope: '' has been replaced by 'isotope'""]]}}, {'version': '1.0.1', 'lastVersion': '1.0.0', 'curator': 'nicholas', 'timestamp': '2022-08-12 19:53:53 UTC', 'notes': 'Updated lipdverse database entry with a changed file.', 'changes': {'Dataset': [['chronData has been added to this dataset']], 'ChronData table': [[""Column 'addRtOFu8OFaRl7jljNg', with variable name 'yearEnsemble', was added to the dataset""]]}}]",Wang,,,,,,,10.1007/s11430-006-1079-9,2006.0,"Wang, N., Yao, T., Pu, J., Zhang, Y. and Sun, W.: Climatic and environmental changes over the last millennium recorded in the Malan ice core from the northern Tibetan Plateau, Science in China Series D: Earth Sciences, 49(10), 1079–1089, doi:10.1007/s11430-006-1079-9, 2006.",,,Malan Glacier,context.jsonld,1.3,meas,paleo0measurement0,nan,IC06WAML.paleo0measurement0.csv
IC06WAML,paleoData,57.062892031,GlacierIce,90.76,35.81,5680.0,Point,,matlab,0.0,,6e4e791ae9be49b4588f32676590e258,http://lipdverse.org/iso2k/1_0_0/IC06WAML.html,1999,1129,0,glacier ice,0,0,https://www.ncdc.noaa.gov/paleo-search/study/21171,iso2k100_IC06WAML,"[{'version': '1.0.2', 'lastVersion': '1.0.1', 'curator': 'nicholas', 'timestamp': '2022-08-16 23:28:24 UTC', 'changes': {'Paleo Interpretation metadata': [[""d18O (IC06WAML01A): interpretation3_scope: '' has been replaced by 'isotope'""], [""d18O (IC06WAML01A): interpretation4_scope: '' has been replaced by 'isotope'""]]}}, {'version': '1.0.1', 'lastVersion': '1.0.0', 'curator': 'nicholas', 'timestamp': '2022-08-12 19:53:53 UTC', 'notes': 'Updated lipdverse database entry with a changed file.', 'changes': {'Dataset': [['chronData has been added to this dataset']], 'ChronData table': [[""Column 'addRtOFu8OFaRl7jljNg', with variable name 'yearEnsemble', was added to the dataset""]]}}]",Wang,,,,,,,10.1007/s11430-006-1079-9,2006.0,"Wang, N., Yao, T., Pu, J., Zhang, Y. and Sun, W.: Climatic and environmental changes over the last millennium recorded in the Malan ice core from the northern Tibetan Plateau, Science in China Series D: Earth Sciences, 49(10), 1079–1089, doi:10.1007/s11430-006-1079-9, 2006.",,,Malan Glacier,context.jsonld,1.3,meas,paleo0measurement0,nan,IC06WAML.paleo0measurement0.csv
IC06WAML,paleoData,57.062892031,GlacierIce,90.76,35.81,5680.0,Point,,matlab,0.0,,6e4e791ae9be49b4588f32676590e258,http://lipdverse.org/iso2k/1_0_0/IC06WAML.html,1999,1129,0,glacier ice,0,0,https://www.ncdc.noaa.gov/paleo-search/study/21171,iso2k100_IC06WAML,"[{'version': '1.0.2', 'lastVersion': '1.0.1', 'curator': 'nicholas', 'timestamp': '2022-08-16 23:28:24 UTC', 'changes': {'Paleo Interpretation metadata': [[""d18O (IC06WAML01A): interpretation3_scope: '' has been replaced by 'isotope'""], [""d18O (IC06WAML01A): interpretation4_scope: '' has been replaced by 'isotope'""]]}}, {'version': '1.0.1', 'lastVersion': '1.0.0', 'curator': 'nicholas', 'timestamp': '2022-08-12 19:53:53 UTC', 'notes': 'Updated lipdverse database entry with a changed file.', 'changes': {'Dataset': [['chronData has been added to this dataset']], 'ChronData table': [[""Column 'addRtOFu8OFaRl7jljNg', with variable name 'yearEnsemble', was added to the dataset""]]}}]",Wang,,,,,,,10.1007/s11430-006-1079-9,2006.0,"Wang, N., Yao, T., Pu, J., Zhang, Y. and Sun, W.: Climatic and environmental changes over the last millennium recorded in the Malan ice core from the northern Tibetan Plateau, Science in China Series D: Earth Sciences, 49(10), 1079–1089, doi:10.1007/s11430-006-1079-9, 2006.",,,Malan Glacier,context.jsonld,1.3,meas,paleo0measurement0,nan,IC06WAML.paleo0measurement0.csv
TR12SAMU,paleoData,57.062892031,Wood,104.1,21.67,1850.0,Point,,matlab,0.0,,3d0891a30a9df59f745e87ba1338d046,http://lipdverse.org/iso2k/1_0_0/TR12SAMU.html,2004,1705,0,wood,0,0,this compilation,iso2k100_TR12SAMU,"[{'version': '1.0.2', 'lastVersion': '1.0.1', 'curator': 'nicholas', 'timestamp': '2022-08-16 23:29:54 UTC', 'changes': {'Paleo Interpretation metadata': [[""d18O (TR12SAMU00): interpretation3_scope: '' has been replaced by 'isotope'""], [""d18O (TR12SAMU00): interpretation4_scope: '' has been replaced by 'isotope'""]]}}, {'version': '1.0.1', 'lastVersion': '1.0.0', 'curator': 'nicholas', 'timestamp': '2022-08-12 20:09:46 UTC', 'notes': 'Updated lipdverse database entry with a changed file.', 'changes': {'Dataset': [['chronData has been added to this dataset']], 'ChronData table': [[""Column 'addR3TH4Gi1aTkohfADD', with variable name 'yearEnsemble', was added to the dataset""]]}}]",Sano M.,,,,,,,10.1029/2012JD017749,2012.0,"Sano, M., Xu, C. and Nakatsuka, T.: A 300-year Vietnam hydroclimate and ENSO variability record reconstructed from tree ringδ18O, Journal of Geophysical Research: Atmospheres, 117(D12), n/a–n/a, doi:10.1029/2012jd017749, 2012.",,,"Mu Cang Chai, Northern Vietnam",context.jsonld,1.3,meas,paleo0measurement0,nan,TR12SAMU.paleo0measurement0.csv
TR12SAMU,paleoData,57.062892031,Wood,104.1,21.67,1850.0,Point,,matlab,0.0,,3d0891a30a9df59f745e87ba1338d046,http://lipdverse.org/iso2k/1_0_0/TR12SAMU.html,2004,1705,0,wood,0,0,this compilation,iso2k100_TR12SAMU,"[{'version': '1.0.2', 'lastVersion': '1.0.1', 'curator': 'nicholas', 'timestamp': '2022-08-16 23:29:54 UTC', 'changes': {'Paleo Interpretation metadata': [[""d18O (TR12SAMU00): interpretation3_scope: '' has been replaced by 'isotope'""], [""d18O (TR12SAMU00): interpretation4_scope: '' has been replaced by 'isotope'""]]}}, {'version': '1.0.1', 'lastVersion': '1.0.0', 'curator': 'nicholas', 'timestamp': '2022-08-12 20:09:46 UTC', 'notes': 'Updated lipdverse database entry with a changed file.', 'changes': {'Dataset': [['chronData has been added to this dataset']], 'ChronData table': [[""Column 'addR3TH4Gi1aTkohfADD', with variable name 'yearEnsemble', was added to the dataset""]]}}]",Sano M.,,,,,,,10.1029/2012JD017749,2012.0,"Sano, M., Xu, C. and Nakatsuka, T.: A 300-year Vietnam hydroclimate and ENSO variability record reconstructed from tree ringδ18O, Journal of Geophysical Research: Atmospheres, 117(D12), n/a–n/a, doi:10.1029/2012jd017749, 2012.",,,"Mu Cang Chai, Northern Vietnam",context.jsonld,1.3,meas,paleo0measurement0,nan,TR12SAMU.paleo0measurement0.csv
TR12SAMU,paleoData,57.062892031,Wood,104.1,21.67,1850.0,Point,,matlab,0.0,,3d0891a30a9df59f745e87ba1338d046,http://lipdverse.org/iso2k/1_0_0/TR12SAMU.html,2004,1705,0,wood,0,0,this compilation,iso2k100_TR12SAMU,"[{'version': '1.0.2', 'lastVersion': '1.0.1', 'curator': 'nicholas', 'timestamp': '2022-08-16 23:29:54 UTC', 'changes': {'Paleo Interpretation metadata': [[""d18O (TR12SAMU00): interpretation3_scope: '' has been replaced by 'isotope'""], [""d18O (TR12SAMU00): interpretation4_scope: '' has been replaced by 'isotope'""]]}}, {'version': '1.0.1', 'lastVersion': '1.0.0', 'curator': 'nicholas', 'timestamp': '2022-08-12 20:09:46 UTC', 'notes': 'Updated lipdverse database entry with a changed file.', 'changes': {'Dataset': [['chronData has been added to this dataset']], 'ChronData table': [[""Column 'addR3TH4Gi1aTkohfADD', with variable name 'yearEnsemble', was added to the dataset""]]}}]",Sano M.,,,,,,,10.1029/2012JD017749,2012.0,"Sano, M., Xu, C. and Nakatsuka, T.: A 300-year Vietnam hydroclimate and ENSO variability record reconstructed from tree ringδ18O, Journal of Geophysical Research: Atmospheres, 117(D12), n/a–n/a, doi:10.1029/2012jd017749, 2012.",,,"Mu Cang Chai, Northern Vietnam",context.jsonld,1.3,meas,paleo0measurement0,nan,TR12SAMU.paleo0measurement0.csv
TR12SAMU,paleoData,57.062892031,Wood,104.1,21.67,1850.0,Point,,matlab,0.0,,3d0891a30a9df59f745e87ba1338d046,http://lipdverse.org/iso2k/1_0_0/TR12SAMU.html,2004,1705,0,wood,0,0,this compilation,iso2k100_TR12SAMU,"[{'version': '1.0.2', 'lastVersion': '1.0.1', 'curator': 'nicholas', 'timestamp': '2022-08-16 23:29:54 UTC', 'changes': {'Paleo Interpretation metadata': [[""d18O (TR12SAMU00): interpretation3_scope: '' has been replaced by 'isotope'""], [""d18O (TR12SAMU00): interpretation4_scope: '' has been replaced by 'isotope'""]]}}, {'version': '1.0.1', 'lastVersion': '1.0.0', 'curator': 'nicholas', 'timestamp': '2022-08-12 20:09:46 UTC', 'notes': 'Updated lipdverse database entry with a changed file.', 'changes': {'Dataset': [['chronData has been added to this dataset']], 'ChronData table': [[""Column 'addR3TH4Gi1aTkohfADD', with variable name 'yearEnsemble', was added to the dataset""]]}}]",Sano M.,,,,,,,10.1029/2012JD017749,2012.0,"Sano, M., Xu, C. and Nakatsuka, T.: A 300-year Vietnam hydroclimate and ENSO variability record reconstructed from tree ringδ18O, Journal of Geophysical Research: Atmospheres, 117(D12), n/a–n/a, doi:10.1029/2012jd017749, 2012.",,,"Mu Cang Chai, Northern Vietnam",context.jsonld,1.3,meas,paleo0measurement0,nan,TR12SAMU.paleo0measurement0.csv
TR12SAMU,paleoData,57.062892031,Wood,104.1,21.67,1850.0,Point,,matlab,0.0,,3d0891a30a9df59f745e87ba1338d046,http://lipdverse.org/iso2k/1_0_0/TR12SAMU.html,2004,1705,0,wood,0,0,this compilation,iso2k100_TR12SAMU,"[{'version': '1.0.2', 'lastVersion': '1.0.1', 'curator': 'nicholas', 'timestamp': '2022-08-16 23:29:54 UTC', 'changes': {'Paleo Interpretation metadata': [[""d18O (TR12SAMU00): interpretation3_scope: '' has been replaced by 'isotope'""], [""d18O (TR12SAMU00): interpretation4_scope: '' has been replaced by 'isotope'""]]}}, {'version': '1.0.1', 'lastVersion': '1.0.0', 'curator': 'nicholas', 'timestamp': '2022-08-12 20:09:46 UTC', 'notes': 'Updated lipdverse database entry with a changed file.', 'changes': {'Dataset': [['chronData has been added to this dataset']], 'ChronData table': [[""Column 'addR3TH4Gi1aTkohfADD', with variable name 'yearEnsemble', was added to the dataset""]]}}]",Sano M.,,,,,,,10.1029/2012JD017749,2012.0,"Sano, M., Xu, C. and Nakatsuka, T.: A 300-year Vietnam hydroclimate and ENSO variability record reconstructed from tree ringδ18O, Journal of Geophysical Research: Atmospheres, 117(D12), n/a–n/a, doi:10.1029/2012jd017749, 2012.",,,"Mu Cang Chai, Northern Vietnam",context.jsonld,1.3,meas,paleo0measurement0,nan,TR12SAMU.paleo0measurement0.csv
TR12SAMU,paleoData,57.062892031,Wood,104.1,21.67,1850.0,Point,,matlab,0.0,,3d0891a30a9df59f745e87ba1338d046,http://lipdverse.org/iso2k/1_0_0/TR12SAMU.html,2004,1705,0,wood,0,0,this compilation,iso2k100_TR12SAMU,"[{'version': '1.0.2', 'lastVersion': '1.0.1', 'curator': 'nicholas', 'timestamp': '2022-08-16 23:29:54 UTC', 'changes': {'Paleo Interpretation metadata': [[""d18O (TR12SAMU00): interpretation3_scope: '' has been replaced by 'isotope'""], [""d18O (TR12SAMU00): interpretation4_scope: '' has been replaced by 'isotope'""]]}}, {'version': '1.0.1', 'lastVersion': '1.0.0', 'curator': 'nicholas', 'timestamp': '2022-08-12 20:09:46 UTC', 'notes': 'Updated lipdverse database entry with a changed file.', 'changes': {'Dataset': [['chronData has been added to this dataset']], 'ChronData table': [[""Column 'addR3TH4Gi1aTkohfADD', with variable name 'yearEnsemble', was added to the dataset""]]}}]",Sano M.,,,,,,,10.1029/2012JD017749,2012.0,"Sano, M., Xu, C. and Nakatsuka, T.: A 300-year Vietnam hydroclimate and ENSO variability record reconstructed from tree ringδ18O, Journal of Geophysical Research: Atmospheres, 117(D12), n/a–n/a, doi:10.1029/2012jd017749, 2012.",,,"Mu Cang Chai, Northern Vietnam",context.jsonld,1.3,meas,paleo0measurement0,nan,TR12SAMU.paleo0measurement0.csv
TR12SAMU,paleoData,57.062892031,Wood,104.1,21.67,1850.0,Point,,matlab,0.0,,3d0891a30a9df59f745e87ba1338d046,http://lipdverse.org/iso2k/1_0_0/TR12SAMU.html,2004,1705,0,wood,0,0,this compilation,iso2k100_TR12SAMU,"[{'version': '1.0.2', 'lastVersion': '1.0.1', 'curator': 'nicholas', 'timestamp': '2022-08-16 23:29:54 UTC', 'changes': {'Paleo Interpretation metadata': [[""d18O (TR12SAMU00): interpretation3_scope: '' has been replaced by 'isotope'""], [""d18O (TR12SAMU00): interpretation4_scope: '' has been replaced by 'isotope'""]]}}, {'version': '1.0.1', 'lastVersion': '1.0.0', 'curator': 'nicholas', 'timestamp': '2022-08-12 20:09:46 UTC', 'notes': 'Updated lipdverse database entry with a changed file.', 'changes': {'Dataset': [['chronData has been added to this dataset']], 'ChronData table': [[""Column 'addR3TH4Gi1aTkohfADD', with variable name 'yearEnsemble', was added to the dataset""]]}}]",Sano M.,,,,,,,10.1029/2012JD017749,2012.0,"Sano, M., Xu, C. and Nakatsuka, T.: A 300-year Vietnam hydroclimate and ENSO variability record reconstructed from tree ringδ18O, Journal of Geophysical Research: Atmospheres, 117(D12), n/a–n/a, doi:10.1029/2012jd017749, 2012.",,,"Mu Cang Chai, Northern Vietnam",context.jsonld,1.3,meas,paleo0measurement0,nan,TR12SAMU.paleo0measurement0.csv
TR12SAMU,paleoData,57.062892031,Wood,104.1,21.67,1850.0,Point,,matlab,0.0,,3d0891a30a9df59f745e87ba1338d046,http://lipdverse.org/iso2k/1_0_0/TR12SAMU.html,2004,1705,0,wood,0,0,this compilation,iso2k100_TR12SAMU,"[{'version': '1.0.2', 'lastVersion': '1.0.1', 'curator': 'nicholas', 'timestamp': '2022-08-16 23:29:54 UTC', 'changes': {'Paleo Interpretation metadata': [[""d18O (TR12SAMU00): interpretation3_scope: '' has been replaced by 'isotope'""], [""d18O (TR12SAMU00): interpretation4_scope: '' has been replaced by 'isotope'""]]}}, {'version': '1.0.1', 'lastVersion': '1.0.0', 'curator': 'nicholas', 'timestamp': '2022-08-12 20:09:46 UTC', 'notes': 'Updated lipdverse database entry with a changed file.', 'changes': {'Dataset': [['chronData has been added to this dataset']], 'ChronData table': [[""Column 'addR3TH4Gi1aTkohfADD', with variable name 'yearEnsemble', was added to the dataset""]]}}]",Sano M.,,,,,,,10.1029/2012JD017749,2012.0,"Sano, M., Xu, C. and Nakatsuka, T.: A 300-year Vietnam hydroclimate and ENSO variability record reconstructed from tree ringδ18O, Journal of Geophysical Research: Atmospheres, 117(D12), n/a–n/a, doi:10.1029/2012jd017749, 2012.",,,"Mu Cang Chai, Northern Vietnam",context.jsonld,1.3,meas,paleo0measurement0,nan,TR12SAMU.paleo0measurement0.csv
TR11GRTP,paleoData,57.062892031,Wood,91.5167,30.3083,4150.0,,,lipd.net,,Jussi Grießinger,,http://lipdverse.org/iso2k/1_0_0/TR11GRTP.html,2005,1163,0,,0,0,this compilation,iso2k100_TR11GRTP,"[{'version': '1.0.2', 'lastVersion': '1.0.1', 'curator': 'nicholas', 'timestamp': '2022-08-16 23:29:52 UTC', 'changes': {'Paleo Interpretation metadata': [[""d18O (WEB7c902e21): interpretation3_scope: '' has been replaced by 'isotope'""], [""d18O (WEB7c902e21): interpretation4_scope: '' has been replaced by 'isotope'""]]}}, {'version': '1.0.1', 'lastVersion': '1.0.0', 'curator': 'nicholas', 'timestamp': '2022-08-12 20:09:29 UTC', 'notes': 'Updated lipdverse database entry with a changed file.', 'changes': {'Dataset': [['chronData has been added to this dataset']], 'ChronData table': [[""Column 'addRLfylLOT5UCFDmnhy', with variable name 'yearEnsemble', was added to the dataset""]]}}]","GrieSSinger, Jussi;Braeuning, Achim;Helle, Gerd;Thomas, Axel;Schleser, Gerhard",,Geophysical Research Letters,n/a-n/a,American Geophysical Union (AGU),Late Holocene Asian summer monsoon variability reflected by δ18O in tree-rings from Tibetan junipers,article-journal,10.1029/2010GL045988,2011.0,"GrieSSinger, J., Braeuning, A., Helle, G., Thomas, A. and Schleser, G.: Late Holocene Asian summer monsoon variability reflected byδ18O in tree-rings from Tibetan junipers, Geophysical Research Letters, 38(3), n/a–n/a, doi:10.1029/2010gl045988, 2011.",,"Tibetan Plateau, China","Reting site, China",context.jsonld,1.3,meas,paleo0measurement0,nan,TR11GRTP.paleo0measurement0.csv
TR11GRTP,paleoData,57.062892031,Wood,91.5167,30.3083,4150.0,,,lipd.net,,Jussi Grießinger,,http://lipdverse.org/iso2k/1_0_0/TR11GRTP.html,2005,1163,0,,0,0,this compilation,iso2k100_TR11GRTP,"[{'version': '1.0.2', 'lastVersion': '1.0.1', 'curator': 'nicholas', 'timestamp': '2022-08-16 23:29:52 UTC', 'changes': {'Paleo Interpretation metadata': [[""d18O (WEB7c902e21): interpretation3_scope: '' has been replaced by 'isotope'""], [""d18O (WEB7c902e21): interpretation4_scope: '' has been replaced by 'isotope'""]]}}, {'version': '1.0.1', 'lastVersion': '1.0.0', 'curator': 'nicholas', 'timestamp': '2022-08-12 20:09:29 UTC', 'notes': 'Updated lipdverse database entry with a changed file.', 'changes': {'Dataset': [['chronData has been added to this dataset']], 'ChronData table': [[""Column 'addRLfylLOT5UCFDmnhy', with variable name 'yearEnsemble', was added to the dataset""]]}}]","GrieSSinger, Jussi;Braeuning, Achim;Helle, Gerd;Thomas, Axel;Schleser, Gerhard",,Geophysical Research Letters,n/a-n/a,American Geophysical Union (AGU),Late Holocene Asian summer monsoon variability reflected by δ18O in tree-rings from Tibetan junipers,article-journal,10.1029/2010GL045988,2011.0,"GrieSSinger, J., Braeuning, A., Helle, G., Thomas, A. and Schleser, G.: Late Holocene Asian summer monsoon variability reflected byδ18O in tree-rings from Tibetan junipers, Geophysical Research Letters, 38(3), n/a–n/a, doi:10.1029/2010gl045988, 2011.",,"Tibetan Plateau, China","Reting site, China",context.jsonld,1.3,meas,paleo0measurement0,nan,TR11GRTP.paleo0measurement0.csv
TR11SAHU00,paleoData,57.062892031,Wood,81.93,29.85,3848.0,Point,Humla2012d18O,matlab,0.0,"Masaki Sano, R Ramesh, MS Sheshshayee, R Sukumar",50ed6aaa00fe2b60f41460027125d916,http://lipdverse.org/iso2k/1_0_0/TR11SAHU00.html,2000,1778,0,wood,0,0,https://www.ncdc.noaa.gov/paleo/study/22547,iso2k100_TR11SAHU00,"[{'version': '1.0.2', 'lastVersion': '1.0.1', 'curator': 'nicholas', 'timestamp': '2022-08-16 23:29:53 UTC', 'changes': {'Paleo Interpretation metadata': [[""d18O (WEB3638db18): interpretation6_scope: '' has been replaced by 'isotope'""], [""d18O (WEB3638db18): interpretation7_scope: '' has been replaced by 'isotope'""]]}}, {'version': '1.0.1', 'lastVersion': '1.0.0', 'curator': 'nicholas', 'timestamp': '2022-08-12 20:09:37 UTC', 'notes': 'Updated lipdverse database entry with a changed file.', 'changes': {'Dataset': [['chronData has been added to this dataset']], 'ChronData table': [[""Column 'addRwmarahB9FNcbuXq9', with variable name 'yearEnsemble', was added to the dataset""]]}}]",Sano M.,,The Holocene,809-817,SAGE Publications,Increasing aridity over the past 223 years in the Nepal Himalaya inferred from a tree-ring δ18O chronology,article-journal,10.1177/0959683611430338,2011.0,"Sano, M., Ramesh, R., Sheshshayee, M. and Sukumar, R.: Increasing aridity over the past 223 years in the Nepal Himalaya inferred from a tree-ring δ18O chronology, The Holocene, 22(7), 809–817, doi:10.1177/0959683611430338, 2011.",Nepal,"Central Himalaya, western Nepal","Humla, Nepal",context.jsonld,1.3,meas,paleo0measurement0,nan,TR11SAHU00.paleo0measurement0.csv
TR11SAHU00,paleoData,57.062892031,Wood,81.93,29.85,3848.0,Point,Humla2012d18O,matlab,0.0,"Masaki Sano, R Ramesh, MS Sheshshayee, R Sukumar",50ed6aaa00fe2b60f41460027125d916,http://lipdverse.org/iso2k/1_0_0/TR11SAHU00.html,2000,1778,0,wood,0,0,https://www.ncdc.noaa.gov/paleo/study/22547,iso2k100_TR11SAHU00,"[{'version': '1.0.2', 'lastVersion': '1.0.1', 'curator': 'nicholas', 'timestamp': '2022-08-16 23:29:53 UTC', 'changes': {'Paleo Interpretation metadata': [[""d18O (WEB3638db18): interpretation6_scope: '' has been replaced by 'isotope'""], [""d18O (WEB3638db18): interpretation7_scope: '' has been replaced by 'isotope'""]]}}, {'version': '1.0.1', 'lastVersion': '1.0.0', 'curator': 'nicholas', 'timestamp': '2022-08-12 20:09:37 UTC', 'notes': 'Updated lipdverse database entry with a changed file.', 'changes': {'Dataset': [['chronData has been added to this dataset']], 'ChronData table': [[""Column 'addRwmarahB9FNcbuXq9', with variable name 'yearEnsemble', was added to the dataset""]]}}]",Sano M.,,The Holocene,809-817,SAGE Publications,Increasing aridity over the past 223 years in the Nepal Himalaya inferred from a tree-ring δ18O chronology,article-journal,10.1177/0959683611430338,2011.0,"Sano, M., Ramesh, R., Sheshshayee, M. and Sukumar, R.: Increasing aridity over the past 223 years in the Nepal Himalaya inferred from a tree-ring δ18O chronology, The Holocene, 22(7), 809–817, doi:10.1177/0959683611430338, 2011.",Nepal,"Central Himalaya, western Nepal","Humla, Nepal",context.jsonld,1.3,meas,paleo0measurement0,nan,TR11SAHU00.paleo0measurement0.csv
TR17SAMA,paleoData,57.062892031,Wood,77.2167,32.2167,2700.0,Point,Manali2017d18O,matlab,0.0,"Masaki Sano, A.P. Dimri, R. Ramesh, Chenxi Xu, Zhen Li, Takeshi Nakatsuka",7dd4fc21e0ccd9bb3abbdb5e09f55ac9,http://lipdverse.org/iso2k/1_0_0/TR17SAMA.html,2008,1767,0,wood,0,0,https://www.ncdc.noaa.gov/paleo/study/22549,iso2k100_TR17SAMA,"[{'version': '1.0.1', 'lastVersion': '1.0.0', 'curator': 'nicholas', 'timestamp': '2022-08-12 20:10:28 UTC', 'notes': 'Updated lipdverse database entry with a changed file.', 'changes': {'Dataset': [['chronData has been added to this dataset']], 'ChronData table': [[""Column 'addRLBFXlyiBRGxNP7db', with variable name 'yearEnsemble', was added to the dataset""]]}}]",Sano M.,,Global and Planetary Change,73-82,Elsevier BV,Moisture source signals preserved in a 242-year tree-ring δ 18 O chronology in the western Himalaya,article-journal,10.1016/j.gloplacha.2017.08.009,2017.0,"Sano, M., Dimri, A. P., Ramesh, R., Xu, C., Li, Z. and Nakatsuka, T.: Moisture source signals preserved in a 242-year tree-ring δ18O chronology in the western Himalaya, Global and Planetary Change, 157, 73–82, doi:10.1016/j.gloplacha.2017.08.009, 2017.",India,Western Himalaya,Manali,context.jsonld,1.3,meas,paleo0measurement0,nan,TR17SAMA.paleo0measurement0.csv
TR17SAMA,paleoData,57.062892031,Wood,77.2167,32.2167,2700.0,Point,Manali2017d18O,matlab,0.0,"Masaki Sano, A.P. Dimri, R. Ramesh, Chenxi Xu, Zhen Li, Takeshi Nakatsuka",7dd4fc21e0ccd9bb3abbdb5e09f55ac9,http://lipdverse.org/iso2k/1_0_0/TR17SAMA.html,2008,1767,0,wood,0,0,https://www.ncdc.noaa.gov/paleo/study/22549,iso2k100_TR17SAMA,"[{'version': '1.0.1', 'lastVersion': '1.0.0', 'curator': 'nicholas', 'timestamp': '2022-08-12 20:10:28 UTC', 'notes': 'Updated lipdverse database entry with a changed file.', 'changes': {'Dataset': [['chronData has been added to this dataset']], 'ChronData table': [[""Column 'addRLBFXlyiBRGxNP7db', with variable name 'yearEnsemble', was added to the dataset""]]}}]",Sano M.,,Global and Planetary Change,73-82,Elsevier BV,Moisture source signals preserved in a 242-year tree-ring δ 18 O chronology in the western Himalaya,article-journal,10.1016/j.gloplacha.2017.08.009,2017.0,"Sano, M., Dimri, A. P., Ramesh, R., Xu, C., Li, Z. and Nakatsuka, T.: Moisture source signals preserved in a 242-year tree-ring δ18O chronology in the western Himalaya, Global and Planetary Change, 157, 73–82, doi:10.1016/j.gloplacha.2017.08.009, 2017.",India,Western Himalaya,Manali,context.jsonld,1.3,meas,paleo0measurement0,nan,TR17SAMA.paleo0measurement0.csv
IC03HORB,paleoData,57.062892031,GlacierIce,86.92,27.98,6500.0,Point,,matlab,1.0,,03c673064cf7237bcd5d5a651a10dd89,http://lipdverse.org/iso2k/1_0_0/IC03HORB.html,1997.93,1843.9,0,glacier ice,1,0,https://www.ncdc.noaa.gov/paleo-search/study/2469,iso2k100_IC03HORB,"[{'version': '1.0.2', 'lastVersion': '1.0.1', 'curator': 'nicholas', 'timestamp': '2022-08-16 23:28:22 UTC', 'changes': {'Paleo Interpretation metadata': [[""d18O (IC03HORB01A): interpretation2_scope: '' has been replaced by 'isotope'""], [""d18O (IC03HORB01A): interpretation3_scope: '' has been replaced by 'isotope'""]]}}, {'version': '1.0.1', 'lastVersion': '1.0.0', 'curator': 'nicholas', 'timestamp': '2022-08-12 19:53:08 UTC', 'notes': 'Updated lipdverse database entry with a changed file.', 'changes': {'Dataset': [['chronData has been added to this dataset']], 'ChronData table': [[""Column 'addRMqG2ZAcWy7vqizw8', with variable name 'yearEnsemble', was added to the dataset""]]}}]",Hou,,,,,,,10.1016/S1352-2310(02)00582-4,2003.0,"Shugui, H., Dahe, Q., Dongqi, Z., Shichang, K., Mayewski, P. A. and Wake, C. P.: A 154a high-resolution ammonium record from the Rongbuk Glacier, north slope of Mt. Qomolangma (Everest), Tibet–Himal region, Atmospheric Environment, 37(5), 721–729, doi:10.1016/s1352-2310(02)00582-4, 2003.",,,East Rongbuk Glacier,context.jsonld,1.3,meas,paleo0measurement0,nan,IC03HORB.paleo0measurement0.csv
IC03HORB,paleoData,57.062892031,GlacierIce,86.92,27.98,6500.0,Point,,matlab,1.0,,03c673064cf7237bcd5d5a651a10dd89,http://lipdverse.org/iso2k/1_0_0/IC03HORB.html,1997.93,1843.9,0,glacier ice,1,0,https://www.ncdc.noaa.gov/paleo-search/study/2469,iso2k100_IC03HORB,"[{'version': '1.0.2', 'lastVersion': '1.0.1', 'curator': 'nicholas', 'timestamp': '2022-08-16 23:28:22 UTC', 'changes': {'Paleo Interpretation metadata': [[""d18O (IC03HORB01A): interpretation2_scope: '' has been replaced by 'isotope'""], [""d18O (IC03HORB01A): interpretation3_scope: '' has been replaced by 'isotope'""]]}}, {'version': '1.0.1', 'lastVersion': '1.0.0', 'curator': 'nicholas', 'timestamp': '2022-08-12 19:53:08 UTC', 'notes': 'Updated lipdverse database entry with a changed file.', 'changes': {'Dataset': [['chronData has been added to this dataset']], 'ChronData table': [[""Column 'addRMqG2ZAcWy7vqizw8', with variable name 'yearEnsemble', was added to the dataset""]]}}]",Hou,,,,,,,10.1016/S1352-2310(02)00582-4,2003.0,"Shugui, H., Dahe, Q., Dongqi, Z., Shichang, K., Mayewski, P. A. and Wake, C. P.: A 154a high-resolution ammonium record from the Rongbuk Glacier, north slope of Mt. Qomolangma (Everest), Tibet–Himal region, Atmospheric Environment, 37(5), 721–729, doi:10.1016/s1352-2310(02)00582-4, 2003.",,,East Rongbuk Glacier,context.jsonld,1.3,meas,paleo0measurement0,nan,IC03HORB.paleo0measurement0.csv
IC03HORB,paleoData,57.062892031,GlacierIce,86.92,27.98,6500.0,Point,,matlab,1.0,,03c673064cf7237bcd5d5a651a10dd89,http://lipdverse.org/iso2k/1_0_0/IC03HORB.html,1997.93,1843.9,0,glacier ice,1,0,https://www.ncdc.noaa.gov/paleo-search/study/2469,iso2k100_IC03HORB,"[{'version': '1.0.2', 'lastVersion': '1.0.1', 'curator': 'nicholas', 'timestamp': '2022-08-16 23:28:22 UTC', 'changes': {'Paleo Interpretation metadata': [[""d18O (IC03HORB01A): interpretation2_scope: '' has been replaced by 'isotope'""], [""d18O (IC03HORB01A): interpretation3_scope: '' has been replaced by 'isotope'""]]}}, {'version': '1.0.1', 'lastVersion': '1.0.0', 'curator': 'nicholas', 'timestamp': '2022-08-12 19:53:08 UTC', 'notes': 'Updated lipdverse database entry with a changed file.', 'changes': {'Dataset': [['chronData has been added to this dataset']], 'ChronData table': [[""Column 'addRMqG2ZAcWy7vqizw8', with variable name 'yearEnsemble', was added to the dataset""]]}}]",Hou,,,,,,,10.1016/S1352-2310(02)00582-4,2003.0,"Shugui, H., Dahe, Q., Dongqi, Z., Shichang, K., Mayewski, P. A. and Wake, C. P.: A 154a high-resolution ammonium record from the Rongbuk Glacier, north slope of Mt. Qomolangma (Everest), Tibet–Himal region, Atmospheric Environment, 37(5), 721–729, doi:10.1016/s1352-2310(02)00582-4, 2003.",,,East Rongbuk Glacier,context.jsonld,1.3,meas,paleo0measurement0,nan,IC03HORB.paleo0measurement0.csv
CO13DESC01A,paleoData,57.062892031,Coral,110.656,19.287,-4.0,Point,"Hainan Island, South China Sea",matlab,0.0,"Deng, Wenfeng; Wei, Gangjian; Xie, Luhua; Wang, Zhibing; Zheng, Ti; Liu, Ying",6e0d06846eac6bce32542ac803059fed,http://lipdverse.org/iso2k/1_0_0/CO13DESC01A.html,2011,1853,0,coral,0,0,https://agupubs.onlinelibrary.wiley.com/action/downloadSupplement?doi=10.1002%2F2016JC012458&file=jgrc22050-sup-0002-2016JC012458-ds01.xlsx,iso2k100_CO13DESC01A,"[{'version': '1.0.2', 'lastVersion': '1.0.1', 'curator': 'nicholas', 'timestamp': '2022-08-16 23:28:00 UTC', 'changes': {'Paleo Interpretation metadata': [[""d18O (WEB396032ca): interpretation2_scope: '' has been replaced by 'isotope'""], [""d18O (WEB396032ca): interpretation3_scope: '' has been replaced by 'isotope'""], [""d18O (WEBa131bf7e): interpretation2_scope: '' has been replaced by 'isotope'""], [""d18O (WEBa131bf7e): interpretation3_scope: '' has been replaced by 'isotope'""]]}}, {'version': '1.0.1', 'lastVersion': '1.0.0', 'curator': 'nicholas', 'timestamp': '2022-08-12 20:20:01 UTC', 'notes': 'Updated lipdverse database entry with a changed file.', 'changes': {'Dataset': [['chronData has been added to this dataset']], 'ChronData table': [[""Column 'addRA599Znu3SRT26FTQ', with variable name 'yearEnsemble', was added to the dataset""], [""Column 'addRbBCYFyidD839sd84', with variable name 'yearEnsemble', was added to the dataset""]]}}]",,,Journal of Geophysical Research: Oceans,2358-2366,American Geophysical Union (AGU),Variations in the Pacific Decadal Oscillation since 1853 in a coral record from the northern South China Sea,article-journal,10.1002/jgrc.20180,,"Deng, W., Wei, G., Xie, L., Ke, T., Wang, Z., Zeng, T. and Liu, Y.: Variations in the Pacific Decadal Oscillation since 1853 in a coral record from the northern South China Sea, Journal of Geophysical Research: Oceans, 118(5), 2358–2366, doi:10.1002/jgrc.20180, 2013.",China,South China Sea,Hainan Island,context.jsonld,1.3,meas,paleo0measurement0,nan,CO13DESC01A.paleo0measurement0.csv
CO13DESC01A,paleoData,57.062892031,Coral,110.656,19.287,-4.0,Point,"Hainan Island, South China Sea",matlab,0.0,"Deng, Wenfeng; Wei, Gangjian; Xie, Luhua; Wang, Zhibing; Zheng, Ti; Liu, Ying",6e0d06846eac6bce32542ac803059fed,http://lipdverse.org/iso2k/1_0_0/CO13DESC01A.html,2011,1853,0,coral,0,0,https://agupubs.onlinelibrary.wiley.com/action/downloadSupplement?doi=10.1002%2F2016JC012458&file=jgrc22050-sup-0002-2016JC012458-ds01.xlsx,iso2k100_CO13DESC01A,"[{'version': '1.0.2', 'lastVersion': '1.0.1', 'curator': 'nicholas', 'timestamp': '2022-08-16 23:28:00 UTC', 'changes': {'Paleo Interpretation metadata': [[""d18O (WEB396032ca): interpretation2_scope: '' has been replaced by 'isotope'""], [""d18O (WEB396032ca): interpretation3_scope: '' has been replaced by 'isotope'""], [""d18O (WEBa131bf7e): interpretation2_scope: '' has been replaced by 'isotope'""], [""d18O (WEBa131bf7e): interpretation3_scope: '' has been replaced by 'isotope'""]]}}, {'version': '1.0.1', 'lastVersion': '1.0.0', 'curator': 'nicholas', 'timestamp': '2022-08-12 20:20:01 UTC', 'notes': 'Updated lipdverse database entry with a changed file.', 'changes': {'Dataset': [['chronData has been added to this dataset']], 'ChronData table': [[""Column 'addRA599Znu3SRT26FTQ', with variable name 'yearEnsemble', was added to the dataset""], [""Column 'addRbBCYFyidD839sd84', with variable name 'yearEnsemble', was added to the dataset""]]}}]",,,Journal of Geophysical Research: Oceans,2358-2366,American Geophysical Union (AGU),Variations in the Pacific Decadal Oscillation since 1853 in a coral record from the northern South China Sea,article-journal,10.1002/jgrc.20180,,"Deng, W., Wei, G., Xie, L., Ke, T., Wang, Z., Zeng, T. and Liu, Y.: Variations in the Pacific Decadal Oscillation since 1853 in a coral record from the northern South China Sea, Journal of Geophysical Research: Oceans, 118(5), 2358–2366, doi:10.1002/jgrc.20180, 2013.",China,South China Sea,Hainan Island,context.jsonld,1.3,meas,paleo0measurement0,nan,CO13DESC01A.paleo0measurement0.csv
CO13DESC01A,paleoData,57.062892031,Coral,110.656,19.287,-4.0,Point,"Hainan Island, South China Sea",matlab,0.0,"Deng, Wenfeng; Wei, Gangjian; Xie, Luhua; Wang, Zhibing; Zheng, Ti; Liu, Ying",6e0d06846eac6bce32542ac803059fed,http://lipdverse.org/iso2k/1_0_0/CO13DESC01A.html,2011,1853,0,coral,0,0,https://agupubs.onlinelibrary.wiley.com/action/downloadSupplement?doi=10.1002%2F2016JC012458&file=jgrc22050-sup-0002-2016JC012458-ds01.xlsx,iso2k100_CO13DESC01A,"[{'version': '1.0.2', 'lastVersion': '1.0.1', 'curator': 'nicholas', 'timestamp': '2022-08-16 23:28:00 UTC', 'changes': {'Paleo Interpretation metadata': [[""d18O (WEB396032ca): interpretation2_scope: '' has been replaced by 'isotope'""], [""d18O (WEB396032ca): interpretation3_scope: '' has been replaced by 'isotope'""], [""d18O (WEBa131bf7e): interpretation2_scope: '' has been replaced by 'isotope'""], [""d18O (WEBa131bf7e): interpretation3_scope: '' has been replaced by 'isotope'""]]}}, {'version': '1.0.1', 'lastVersion': '1.0.0', 'curator': 'nicholas', 'timestamp': '2022-08-12 20:20:01 UTC', 'notes': 'Updated lipdverse database entry with a changed file.', 'changes': {'Dataset': [['chronData has been added to this dataset']], 'ChronData table': [[""Column 'addRA599Znu3SRT26FTQ', with variable name 'yearEnsemble', was added to the dataset""], [""Column 'addRbBCYFyidD839sd84', with variable name 'yearEnsemble', was added to the dataset""]]}}]",,,Journal of Geophysical Research: Oceans,2358-2366,American Geophysical Union (AGU),Variations in the Pacific Decadal Oscillation since 1853 in a coral record from the northern South China Sea,article-journal,10.1002/jgrc.20180,,"Deng, W., Wei, G., Xie, L., Ke, T., Wang, Z., Zeng, T. and Liu, Y.: Variations in the Pacific Decadal Oscillation since 1853 in a coral record from the northern South China Sea, Journal of Geophysical Research: Oceans, 118(5), 2358–2366, doi:10.1002/jgrc.20180, 2013.",China,South China Sea,Hainan Island,context.jsonld,1.3,meas,paleo0measurement0,nan,CO13DESC01A.paleo0measurement0.csv
